MA_GOCNV,MA_NV,MA_CONGTY,MA_CN,MA_PB
NV086,TQP-NA-XCG086,TQP,TQP-NA,TQP-NA-XCG
NV087,TQP-BD-XCG087,TQP,TQP-BD,TQP-BD-XCG
NV088,TQP-QN-XCG088,TQP,TQP-QN,TQP-QN-XCG
NV089,TQP-TN-XCG089,TQP,TQP-TN,TQP-TN-XCG
NV090,TQP-KH-XCG090,TQP,TQP-KH,TQP-KH-XCG
NV101,TQP-HN-XCG101,TQP,TQP-HN,TQP-HN-XCG
NV102,TQP-HCM-XCG102,TQP,TQP-HCM,TQP-HCM-XCG
NV103,TQP-DN-XCG103,TQP,TQP-DN,TQP-DN-XCG
NV104,TQP-HP-XCG104,TQP,TQP-HP,TQP-HP-XCG
NV105,TQP-CT-XCG105,TQP,TQP-CT,TQP-CT-XCG
NV106,TQP-NA-XCG106,TQP,TQP-NA,TQP-NA-XCG
NV107,TQP-BD-XCG107,TQP,TQP-BD,TQP-BD-XCG
NV108,TQP-QN-XCG108,TQP,TQP-QN,TQP-QN-XCG
NV109,TQP-TN-XCG109,TQP,TQP-TN,TQP-TN-XCG
NV110,TQP-KH-XCG110,TQP,TQP-KH,TQP-KH-XCG
NV121,TQP-HN-XCG121,TQP,TQP-HN,TQP-HN-XCG
NV122,TQP-HCM-XCG122,TQP,TQP-HCM,TQP-HCM-XCG
NV123,TQP-DN-XCG123,TQP,TQP-DN,TQP-DN-XCG
NV124,TQP-HP-XCG124,TQP,TQP-HP,TQP-HP-XCG
NV125,TQP-CT-XCG125,TQP,TQP-CT,TQP-CT-XCG
NV126,TQP-NA-XCG126,TQP,TQP-NA,TQP-NA-XCG
NV127,TQP-BD-XCG127,TQP,TQP-BD,TQP-BD-XCG
NV128,TQP-QN-XCG128,TQP,TQP-QN,TQP-QN-XCG
NV129,TQP-TN-XCG129,TQP,TQP-TN,TQP-TN-XCG
NV130,TQP-KH-XCG130,TQP,TQP-KH,TQP-KH-XCG
NV141,TQP-HN-XCG141,TQP,TQP-HN,TQP-HN-XCG
NV142,TQP-HCM-XCG142,TQP,TQP-HCM,TQP-HCM-XCG
NV143,TQP-DN-XCG143,TQP,TQP-DN,TQP-DN-XCG
NV144,TQP-HP-XCG144,TQP,TQP-HP,TQP-HP-XCG
NV145,TQP-CT-XCG145,TQP,TQP-CT,TQP-CT-XCG
NV146,TQP-NA-XCG146,TQP,TQP-NA,TQP-NA-XCG
NV147,TQP-BD-XCG147,TQP,TQP-BD,TQP-BD-XCG
NV148,TQP-QN-XCG148,TQP,TQP-QN,TQP-QN-XCG
NV149,TQP-TN-XCG149,TQP,TQP-TN,TQP-TN-XCG
NV150,TQP-KH-XCG150,TQP,TQP-KH,TQP-KH-XCG
NV161,TQP-HN-XCG161,TQP,TQP-HN,TQP-HN-XCG
NV162,TQP-HCM-XCG162,TQP,TQP-HCM,TQP-HCM-XCG
NV163,TQP-DN-XCG163,TQP,TQP-DN,TQP-DN-XCG
NV164,TQP-HP-XCG164,TQP,TQP-HP,TQP-HP-XCG
NV165,TQP-CT-XCG165,TQP,TQP-CT,TQP-CT-XCG
NV166,TQP-NA-XCG166,TQP,TQP-NA,TQP-NA-XCG
NV167,TQP-BD-XCG167,TQP,TQP-BD,TQP-BD-XCG
NV168,TQP-QN-XCG168,TQP,TQP-QN,TQP-QN-XCG
NV169,TQP-TN-XCG169,TQP,TQP-TN,TQP-TN-XCG
NV170,TQP-KH-XCG170,TQP,TQP-KH,TQP-KH-XCG
NV261,TQP-HN-XCG261,TQP,TQP-HN,TQP-HN-XCG
NV262,TQP-HCM-XCG262,TQP,TQP-HCM,TQP-HCM-XCG
NV263,TQP-DN-XCG263,TQP,TQP-DN,TQP-DN-XCG
NV264,TQP-HP-XCG264,TQP,TQP-HP,TQP-HP-XCG
NV265,TQP-CT-XCG265,TQP,TQP-CT,TQP-CT-XCG
NV266,TQP-NA-XCG266,TQP,TQP-NA,TQP-NA-XCG
NV267,TQP-BD-XCG267,TQP,TQP-BD,TQP-BD-XCG
NV268,TQP-QN-XCG268,TQP,TQP-QN,TQP-QN-XCG
NV269,TQP-TN-XCG269,TQP,TQP-TN,TQP-TN-XCG
NV270,TQP-KH-XCG270,TQP,TQP-KH,TQP-KH-XCG
NV281,TQP-HN-XCG281,TQP,TQP-HN,TQP-HN-XCG
NV282,TQP-HCM-XCG282,TQP,TQP-HCM,TQP-HCM-XCG
NV283,TQP-DN-XCG283,TQP,TQP-DN,TQP-DN-XCG
NV284,TQP-HP-XCG284,TQP,TQP-HP,TQP-HP-XCG
NV285,TQP-CT-XCG285,TQP,TQP-CT,TQP-CT-XCG
NV286,TQP-NA-XCG286,TQP,TQP-NA,TQP-NA-XCG
NV287,TQP-BD-XCG287,TQP,TQP-BD,TQP-BD-XCG
NV288,TQP-QN-XCG288,TQP,TQP-QN,TQP-QN-XCG
NV289,TQP-TN-XCG289,TQP,TQP-TN,TQP-TN-XCG
NV290,TQP-KH-XCG290,TQP,TQP-KH,TQP-KH-XCG
NV301,TQP-HN-XCG301,TQP,TQP-HN,TQP-HN-XCG
NV302,TQP-HCM-XCG302,TQP,TQP-HCM,TQP-HCM-XCG
NV303,TQP-DN-XCG303,TQP,TQP-DN,TQP-DN-XCG
NV304,TQP-HP-XCG304,TQP,TQP-HP,TQP-HP-XCG
NV305,TQP-CT-XCG305,TQP,TQP-CT,TQP-CT-XCG
NV306,TQP-NA-XCG306,TQP,TQP-NA,TQP-NA-XCG
NV307,TQP-BD-XCG307,TQP,TQP-BD,TQP-BD-XCG
NV308,TQP-QN-XCG308,TQP,TQP-QN,TQP-QN-XCG
NV309,TQP-TN-XCG309,TQP,TQP-TN,TQP-TN-XCG
NV310,TQP-KH-XCG310,TQP,TQP-KH,TQP-KH-XCG
NV321,TQP-HN-XCG321,TQP,TQP-HN,TQP-HN-XCG
NV322,TQP-HCM-XCG322,TQP,TQP-HCM,TQP-HCM-XCG
NV323,TQP-DN-XCG323,TQP,TQP-DN,TQP-DN-XCG
NV324,TQP-HP-XCG324,TQP,TQP-HP,TQP-HP-XCG
NV325,TQP-CT-XCG325,TQP,TQP-CT,TQP-CT-XCG
NV326,TQP-NA-XCG326,TQP,TQP-NA,TQP-NA-XCG
NV327,TQP-BD-XCG327,TQP,TQP-BD,TQP-BD-XCG
NV328,TQP-QN-XCG328,TQP,TQP-QN,TQP-QN-XCG
NV329,TQP-TN-XCG329,TQP,TQP-TN,TQP-TN-XCG
NV330,TQP-KH-XCG330,TQP,TQP-KH,TQP-KH-XCG
NV341,TQP-HN-XCG341,TQP,TQP-HN,TQP-HN-XCG
NV342,TQP-HCM-XCG342,TQP,TQP-HCM,TQP-HCM-XCG
NV343,TQP-DN-XCG343,TQP,TQP-DN,TQP-DN-XCG
NV344,TQP-HP-XCG344,TQP,TQP-HP,TQP-HP-XCG
NV345,TQP-CT-XCG345,TQP,TQP-CT,TQP-CT-XCG
NV346,TQP-NA-XCG346,TQP,TQP-NA,TQP-NA-XCG
NV347,TQP-BD-XCG347,TQP,TQP-BD,TQP-BD-XCG
NV348,TQP-QN-XCG348,TQP,TQP-QN,TQP-QN-XCG
NV349,TQP-TN-XCG349,TQP,TQP-TN,TQP-TN-XCG
NV350,TQP-KH-XCG350,TQP,TQP-KH,TQP-KH-XCG
NV361,TQP-HN-XCG361,TQP,TQP-HN,TQP-HN-XCG
NV362,TQP-HCM-XCG362,TQP,TQP-HCM,TQP-HCM-XCG
NV363,TQP-DN-XCG363,TQP,TQP-DN,TQP-DN-XCG
NV364,TQP-HP-XCG364,TQP,TQP-HP,TQP-HP-XCG
NV365,TQP-CT-XCG365,TQP,TQP-CT,TQP-CT-XCG
NV366,TQP-NA-XCG366,TQP,TQP-NA,TQP-NA-XCG
NV367,TQP-BD-XCG367,TQP,TQP-BD,TQP-BD-XCG
NV368,TQP-QN-XCG368,TQP,TQP-QN,TQP-QN-XCG
NV369,TQP-TN-XCG369,TQP,TQP-TN,TQP-TN-XCG
NV370,TQP-KH-XCG370,TQP,TQP-KH,TQP-KH-XCG
NV381,TQP-HN-XCG381,TQP,TQP-HN,TQP-HN-XCG
NV382,TQP-HCM-XCG382,TQP,TQP-HCM,TQP-HCM-XCG
NV383,TQP-DN-XCG383,TQP,TQP-DN,TQP-DN-XCG
NV384,TQP-HP-XCG384,TQP,TQP-HP,TQP-HP-XCG
NV385,TQP-CT-XCG385,TQP,TQP-CT,TQP-CT-XCG
NV386,TQP-NA-XCG386,TQP,TQP-NA,TQP-NA-XCG
NV387,TQP-BD-XCG387,TQP,TQP-BD,TQP-BD-XCG
NV388,TQP-QN-XCG388,TQP,TQP-QN,TQP-QN-XCG
NV389,TQP-TN-XCG389,TQP,TQP-TN,TQP-TN-XCG
NV390,TQP-KH-XCG390,TQP,TQP-KH,TQP-KH-XCG
NV401,TQP-HN-XCG401,TQP,TQP-HN,TQP-HN-XCG
NV402,TQP-HCM-XCG402,TQP,TQP-HCM,TQP-HCM-XCG
NV403,TQP-DN-XCG403,TQP,TQP-DN,TQP-DN-XCG
NV404,TQP-HP-XCG404,TQP,TQP-HP,TQP-HP-XCG
NV405,TQP-CT-XCG405,TQP,TQP-CT,TQP-CT-XCG
NV406,TQP-NA-XCG406,TQP,TQP-NA,TQP-NA-XCG
NV407,TQP-BD-XCG407,TQP,TQP-BD,TQP-BD-XCG
NV408,TQP-QN-XCG408,TQP,TQP-QN,TQP-QN-XCG
NV409,TQP-TN-XCG409,TQP,TQP-TN,TQP-TN-XCG
NV410,TQP-KH-XCG410,TQP,TQP-KH,TQP-KH-XCG
NV421,TQP-HN-XCG421,TQP,TQP-HN,TQP-HN-XCG
NV422,TQP-HCM-XCG422,TQP,TQP-HCM,TQP-HCM-XCG
NV423,TQP-DN-XCG423,TQP,TQP-DN,TQP-DN-XCG
NV424,TQP-HP-XCG424,TQP,TQP-HP,TQP-HP-XCG
NV425,TQP-CT-XCG425,TQP,TQP-CT,TQP-CT-XCG
NV181,TQP-HN-XCG181,TQP,TQP-HN,TQP-HN-XCG
NV182,TQP-HCM-XCG182,TQP,TQP-HCM,TQP-HCM-XCG
NV183,TQP-DN-XCG183,TQP,TQP-DN,TQP-DN-XCG
NV184,TQP-HP-XCG184,TQP,TQP-HP,TQP-HP-XCG
NV185,TQP-CT-XCG185,TQP,TQP-CT,TQP-CT-XCG
NV186,TQP-NA-XCG186,TQP,TQP-NA,TQP-NA-XCG
NV187,TQP-BD-XCG187,TQP,TQP-BD,TQP-BD-XCG
NV188,TQP-QN-XCG188,TQP,TQP-QN,TQP-QN-XCG
NV189,TQP-TN-XCG189,TQP,TQP-TN,TQP-TN-XCG
NV190,TQP-KH-XCG190,TQP,TQP-KH,TQP-KH-XCG
NV201,TQP-HN-XCG201,TQP,TQP-HN,TQP-HN-XCG
NV202,TQP-HCM-XCG202,TQP,TQP-HCM,TQP-HCM-XCG
NV203,TQP-DN-XCG203,TQP,TQP-DN,TQP-DN-XCG
NV204,TQP-HP-XCG204,TQP,TQP-HP,TQP-HP-XCG
NV205,TQP-CT-XCG205,TQP,TQP-CT,TQP-CT-XCG
NV206,TQP-NA-XCG206,TQP,TQP-NA,TQP-NA-XCG
NV207,TQP-BD-XCG207,TQP,TQP-BD,TQP-BD-XCG
NV208,TQP-QN-XCG208,TQP,TQP-QN,TQP-QN-XCG
NV209,TQP-TN-XCG209,TQP,TQP-TN,TQP-TN-XCG
NV210,TQP-KH-XCG210,TQP,TQP-KH,TQP-KH-XCG
NV221,TQP-HN-XCG221,TQP,TQP-HN,TQP-HN-XCG
NV222,TQP-HCM-XCG222,TQP,TQP-HCM,TQP-HCM-XCG
NV223,TQP-DN-XCG223,TQP,TQP-DN,TQP-DN-XCG
NV224,TQP-HP-XCG224,TQP,TQP-HP,TQP-HP-XCG
NV225,TQP-CT-XCG225,TQP,TQP-CT,TQP-CT-XCG
NV226,TQP-NA-XCG226,TQP,TQP-NA,TQP-NA-XCG
NV227,TQP-BD-XCG227,TQP,TQP-BD,TQP-BD-XCG
NV228,TQP-QN-XCG228,TQP,TQP-QN,TQP-QN-XCG
NV229,TQP-TN-XCG229,TQP,TQP-TN,TQP-TN-XCG
NV230,TQP-KH-XCG230,TQP,TQP-KH,TQP-KH-XCG
NV241,TQP-HN-XCG241,TQP,TQP-HN,TQP-HN-XCG
NV242,TQP-HCM-XCG242,TQP,TQP-HCM,TQP-HCM-XCG
NV243,TQP-DN-XCG243,TQP,TQP-DN,TQP-DN-XCG
NV244,TQP-HP-XCG244,TQP,TQP-HP,TQP-HP-XCG
NV245,TQP-CT-XCG245,TQP,TQP-CT,TQP-CT-XCG
NV246,TQP-NA-XCG246,TQP,TQP-NA,TQP-NA-XCG
NV247,TQP-BD-XCG247,TQP,TQP-BD,TQP-BD-XCG
NV248,TQP-QN-XCG248,TQP,TQP-QN,TQP-QN-XCG
NV249,TQP-TN-XCG249,TQP,TQP-TN,TQP-TN-XCG
NV250,TQP-KH-XCG250,TQP,TQP-KH,TQP-KH-XCG
NV001,TQP-HN-XCG001,TQP,TQP-HN,TQP-HN-XCG
NV002,TQP-HCM-XCG002,TQP,TQP-HCM,TQP-HCM-XCG
NV003,TQP-DN-XCG003,TQP,TQP-DN,TQP-DN-XCG
NV004,TQP-HP-XCG004,TQP,TQP-HP,TQP-HP-XCG
NV005,TQP-CT-XCG005,TQP,TQP-CT,TQP-CT-XCG
NV006,TQP-NA-XCG006,TQP,TQP-NA,TQP-NA-XCG
NV007,TQP-BD-XCG007,TQP,TQP-BD,TQP-BD-XCG
NV008,TQP-QN-XCG008,TQP,TQP-QN,TQP-QN-XCG
NV009,TQP-TN-XCG009,TQP,TQP-TN,TQP-TN-XCG
NV010,TQP-KH-XCG010,TQP,TQP-KH,TQP-KH-XCG
NV021,TQP-HN-XCG021,TQP,TQP-HN,TQP-HN-XCG
NV022,TQP-HCM-XCG022,TQP,TQP-HCM,TQP-HCM-XCG
NV023,TQP-DN-XCG023,TQP,TQP-DN,TQP-DN-XCG
NV024,TQP-HP-XCG024,TQP,TQP-HP,TQP-HP-XCG
NV025,TQP-CT-XCG025,TQP,TQP-CT,TQP-CT-XCG
NV026,TQP-NA-XCG026,TQP,TQP-NA,TQP-NA-XCG
NV027,TQP-BD-XCG027,TQP,TQP-BD,TQP-BD-XCG
NV028,TQP-QN-XCG028,TQP,TQP-QN,TQP-QN-XCG
NV029,TQP-TN-XCG029,TQP,TQP-TN,TQP-TN-XCG
NV030,TQP-KH-XCG030,TQP,TQP-KH,TQP-KH-XCG
NV041,TQP-HN-XCG041,TQP,TQP-HN,TQP-HN-XCG
NV042,TQP-HCM-XCG042,TQP,TQP-HCM,TQP-HCM-XCG
NV043,TQP-DN-XCG043,TQP,TQP-DN,TQP-DN-XCG
NV044,TQP-HP-XCG044,TQP,TQP-HP,TQP-HP-XCG
NV045,TQP-CT-XCG045,TQP,TQP-CT,TQP-CT-XCG
NV046,TQP-NA-XCG046,TQP,TQP-NA,TQP-NA-XCG
NV047,TQP-BD-XCG047,TQP,TQP-BD,TQP-BD-XCG
NV048,TQP-QN-XCG048,TQP,TQP-QN,TQP-QN-XCG
NV049,TQP-TN-XCG049,TQP,TQP-TN,TQP-TN-XCG
NV050,TQP-KH-XCG050,TQP,TQP-KH,TQP-KH-XCG
NV061,TQP-HN-XCG061,TQP,TQP-HN,TQP-HN-XCG
NV062,TQP-HCM-XCG062,TQP,TQP-HCM,TQP-HCM-XCG
NV063,TQP-DN-XCG063,TQP,TQP-DN,TQP-DN-XCG
NV064,TQP-HP-XCG064,TQP,TQP-HP,TQP-HP-XCG
NV065,TQP-CT-XCG065,TQP,TQP-CT,TQP-CT-XCG
NV066,TQP-NA-XCG066,TQP,TQP-NA,TQP-NA-XCG
NV067,TQP-BD-XCG067,TQP,TQP-BD,TQP-BD-XCG
NV068,TQP-QN-XCG068,TQP,TQP-QN,TQP-QN-XCG
NV069,TQP-TN-XCG069,TQP,TQP-TN,TQP-TN-XCG
NV070,TQP-KH-XCG070,TQP,TQP-KH,TQP-KH-XCG
NV081,TQP-HN-XCG081,TQP,TQP-HN,TQP-HN-XCG
NV082,TQP-HCM-XCG082,TQP,TQP-HCM,TQP-HCM-XCG
NV083,TQP-DN-XCG083,TQP,TQP-DN,TQP-DN-XCG
NV084,TQP-HP-XCG084,TQP,TQP-HP,TQP-HP-XCG
NV085,TQP-CT-XCG085,TQP,TQP-CT,TQP-CT-XCG
NV581,TQP-TCT-HCNS306,TQP,TQP-TCT,TQP-TCT-HCNS
NV582,TQP-TCT-KPP549,TQP,TQP-TCT,TQP-TCT-KPP
NV586,TQP-TCT-PTKD857,TQP,TQP-TCT,TQP-TCT-PTKD
NV587,TQP-TCT-HCNS241,TQP,TQP-TCT,TQP-TCT-HCNS
NV590,TQP-TCT-TCKT365,TQP,TQP-TCT,TQP-TCT-TCKT
NV592,TQP-TCT-PC187,TQP,TQP-TCT,TQP-TCT-PC
NV593,TQP-TCT-IT629,TQP,TQP-TCT,TQP-TCT-IT
NV594,TQP-TCT-ĐT451,TQP,TQP-TCT,TQP-TCT-ĐT
NV596,TQP-TCT-GĐ892,TQP,TQP-TCT,TQP-TCT-GĐ
NV598,TQP-TCT-TCKT218,TQP,TQP-TCT,TQP-TCT-TCKT
NV599,TQP-TCT-ĐT705,TQP,TQP-TCT,TQP-TCT-ĐT
NV0001,TQP-HN-CN001,TQP,TQP-HN,TQP-HN-CN
NV0002,TQP-HCM-CN002,TQP,TQP-HCM,TQP-HCM-CN
NV0003,TQP-DN-CN003,TQP,TQP-DN,TQP-DN-CN
NV0004,TQP-HP-CN004,TQP,TQP-HP,TQP-HP-CN
NV0005,TQP-CT-CN005,TQP,TQP-CT,TQP-CT-CN
NV0006,TQP-NA-CN006,TQP,TQP-NA,TQP-NA-CN
NV0007,TQP-BD-CN007,TQP,TQP-BD,TQP-BD-CN
NV0008,TQP-QN-CN008,TQP,TQP-QN,TQP-QN-CN
NV0009,TQP-TN-CN009,TQP,TQP-TN,TQP-TN-CN
NV0010,TQP-KH-CN010,TQP,TQP-KH,TQP-KH-CN
NV0021,TQP-HN-CN021,TQP,TQP-HN,TQP-HN-CN
NV0022,TQP-HCM-CN022,TQP,TQP-HCM,TQP-HCM-CN
NV0023,TQP-DN-CN023,TQP,TQP-DN,TQP-DN-CN
NV0024,TQP-HP-CN024,TQP,TQP-HP,TQP-HP-CN
NV0025,TQP-CT-CN025,TQP,TQP-CT,TQP-CT-CN
NV0026,TQP-NA-CN026,TQP,TQP-NA,TQP-NA-CN
NV0027,TQP-BD-CN027,TQP,TQP-BD,TQP-BD-CN
NV0028,TQP-QN-CN028,TQP,TQP-QN,TQP-QN-CN
NV0029,TQP-TN-CN029,TQP,TQP-TN,TQP-TN-CN
NV0030,TQP-KH-CN030,TQP,TQP-KH,TQP-KH-CN
NV0041,TQP-HN-CN041,TQP,TQP-HN,TQP-HN-CN
NV0042,TQP-HCM-CN042,TQP,TQP-HCM,TQP-HCM-CN
NV0043,TQP-DN-CN043,TQP,TQP-DN,TQP-DN-CN
NV0044,TQP-HP-CN044,TQP,TQP-HP,TQP-HP-CN
NV0045,TQP-CT-CN045,TQP,TQP-CT,TQP-CT-CN
NV0046,TQP-NA-CN046,TQP,TQP-NA,TQP-NA-CN
NV0047,TQP-BD-CN047,TQP,TQP-BD,TQP-BD-CN
NV0048,TQP-QN-CN048,TQP,TQP-QN,TQP-QN-CN
NV0049,TQP-TN-CN049,TQP,TQP-TN,TQP-TN-CN
NV0050,TQP-KH-CN050,TQP,TQP-KH,TQP-KH-CN
NV0061,TQP-HN-CN061,TQP,TQP-HN,TQP-HN-CN
NV0062,TQP-HCM-CN062,TQP,TQP-HCM,TQP-HCM-CN
NV0063,TQP-DN-CN063,TQP,TQP-DN,TQP-DN-CN
NV0064,TQP-HP-CN064,TQP,TQP-HP,TQP-HP-CN
NV0065,TQP-CT-CN065,TQP,TQP-CT,TQP-CT-CN
NV0066,TQP-NA-CN066,TQP,TQP-NA,TQP-NA-CN
NV0067,TQP-BD-CN067,TQP,TQP-BD,TQP-BD-CN
NV0068,TQP-QN-CN068,TQP,TQP-QN,TQP-QN-CN
NV0069,TQP-TN-CN069,TQP,TQP-TN,TQP-TN-CN
NV0070,TQP-KH-CN070,TQP,TQP-KH,TQP-KH-CN
NV0081,TQP-HN-CN081,TQP,TQP-HN,TQP-HN-CN
NV0082,TQP-HCM-CN082,TQP,TQP-HCM,TQP-HCM-CN
NV0083,TQP-DN-CN083,TQP,TQP-DN,TQP-DN-CN
NV0084,TQP-HP-CN084,TQP,TQP-HP,TQP-HP-CN
NV0085,TQP-CT-CN085,TQP,TQP-CT,TQP-CT-CN
NV0086,TQP-NA-CN086,TQP,TQP-NA,TQP-NA-CN
NV0087,TQP-BD-CN087,TQP,TQP-BD,TQP-BD-CN
NV0088,TQP-QN-CN088,TQP,TQP-QN,TQP-QN-CN
NV0089,TQP-TN-CN089,TQP,TQP-TN,TQP-TN-CN
NV0090,TQP-KH-CN090,TQP,TQP-KH,TQP-KH-CN
NV0101,TQP-HN-CN101,TQP,TQP-HN,TQP-HN-CN
NV0102,TQP-HCM-CN102,TQP,TQP-HCM,TQP-HCM-CN
NV0103,TQP-DN-CN103,TQP,TQP-DN,TQP-DN-CN
NV0104,TQP-HP-CN104,TQP,TQP-HP,TQP-HP-CN
NV0105,TQP-CT-CN105,TQP,TQP-CT,TQP-CT-CN
NV0106,TQP-NA-CN106,TQP,TQP-NA,TQP-NA-CN
NV0107,TQP-BD-CN107,TQP,TQP-BD,TQP-BD-CN
NV0108,TQP-QN-CN108,TQP,TQP-QN,TQP-QN-CN
NV0109,TQP-TN-CN109,TQP,TQP-TN,TQP-TN-CN
NV0110,TQP-KH-CN110,TQP,TQP-KH,TQP-KH-CN
NV0121,TQP-HN-CN121,TQP,TQP-HN,TQP-HN-CN
NV0122,TQP-HCM-CN122,TQP,TQP-HCM,TQP-HCM-CN
NV0123,TQP-DN-CN123,TQP,TQP-DN,TQP-DN-CN
NV0124,TQP-HP-CN124,TQP,TQP-HP,TQP-HP-CN
NV0125,TQP-CT-CN125,TQP,TQP-CT,TQP-CT-CN
NV0126,TQP-NA-CN126,TQP,TQP-NA,TQP-NA-CN
NV0127,TQP-BD-CN127,TQP,TQP-BD,TQP-BD-CN
NV0128,TQP-QN-CN128,TQP,TQP-QN,TQP-QN-CN
NV0129,TQP-TN-CN129,TQP,TQP-TN,TQP-TN-CN
NV0130,TQP-KH-CN130,TQP,TQP-KH,TQP-KH-CN
NV0141,TQP-HN-CN141,TQP,TQP-HN,TQP-HN-CN
NV0142,TQP-HCM-CN142,TQP,TQP-HCM,TQP-HCM-CN
NV0143,TQP-DN-CN143,TQP,TQP-DN,TQP-DN-CN
NV0144,TQP-HP-CN144,TQP,TQP-HP,TQP-HP-CN
NV0145,TQP-CT-CN145,TQP,TQP-CT,TQP-CT-CN
NV0146,TQP-NA-CN146,TQP,TQP-NA,TQP-NA-CN
NV0147,TQP-BD-CN147,TQP,TQP-BD,TQP-BD-CN
NV0148,TQP-QN-CN148,TQP,TQP-QN,TQP-QN-CN
NV0149,TQP-TN-CN149,TQP,TQP-TN,TQP-TN-CN
NV0150,TQP-KH-CN150,TQP,TQP-KH,TQP-KH-CN
NV0161,TQP-HN-CN161,TQP,TQP-HN,TQP-HN-CN
NV0162,TQP-HCM-CN162,TQP,TQP-HCM,TQP-HCM-CN
NV0163,TQP-DN-CN163,TQP,TQP-DN,TQP-DN-CN
NV0164,TQP-HP-CN164,TQP,TQP-HP,TQP-HP-CN
NV0165,TQP-CT-CN165,TQP,TQP-CT,TQP-CT-CN
NV0166,TQP-NA-CN166,TQP,TQP-NA,TQP-NA-CN
NV0167,TQP-BD-CN167,TQP,TQP-BD,TQP-BD-CN
NV0168,TQP-QN-CN168,TQP,TQP-QN,TQP-QN-CN
NV0169,TQP-TN-CN169,TQP,TQP-TN,TQP-TN-CN
NV0170,TQP-KH-CN170,TQP,TQP-KH,TQP-KH-CN
NV0181,TQP-HN-CN181,TQP,TQP-HN,TQP-HN-CN
NV0182,TQP-HCM-CN182,TQP,TQP-HCM,TQP-HCM-CN
NV0183,TQP-DN-CN183,TQP,TQP-DN,TQP-DN-CN
NV0184,TQP-HP-CN184,TQP,TQP-HP,TQP-HP-CN
NV0185,TQP-CT-CN185,TQP,TQP-CT,TQP-CT-CN
NV0186,TQP-NA-CN186,TQP,TQP-NA,TQP-NA-CN
NV0187,TQP-BD-CN187,TQP,TQP-BD,TQP-BD-CN
NV0188,TQP-QN-CN188,TQP,TQP-QN,TQP-QN-CN
NV0189,TQP-TN-CN189,TQP,TQP-TN,TQP-TN-CN
NV0190,TQP-KH-CN190,TQP,TQP-KH,TQP-KH-CN
NV0201,TQP-HN-CN201,TQP,TQP-HN,TQP-HN-CN
NV0202,TQP-HCM-CN202,TQP,TQP-HCM,TQP-HCM-CN
NV0203,TQP-DN-CN203,TQP,TQP-DN,TQP-DN-CN
NV0204,TQP-HP-CN204,TQP,TQP-HP,TQP-HP-CN
NV0205,TQP-CT-CN205,TQP,TQP-CT,TQP-CT-CN
NV0206,TQP-NA-CN206,TQP,TQP-NA,TQP-NA-CN
NV0207,TQP-BD-CN207,TQP,TQP-BD,TQP-BD-CN
NV0208,TQP-QN-CN208,TQP,TQP-QN,TQP-QN-CN
NV0209,TQP-TN-CN209,TQP,TQP-TN,TQP-TN-CN
NV0210,TQP-KH-CN210,TQP,TQP-KH,TQP-KH-CN
NV0221,TQP-HN-CN221,TQP,TQP-HN,TQP-HN-CN
NV0222,TQP-HCM-CN222,TQP,TQP-HCM,TQP-HCM-CN
NV0223,TQP-DN-CN223,TQP,TQP-DN,TQP-DN-CN
NV0224,TQP-HP-CN224,TQP,TQP-HP,TQP-HP-CN
NV0225,TQP-CT-CN225,TQP,TQP-CT,TQP-CT-CN
NV0226,TQP-NA-CN226,TQP,TQP-NA,TQP-NA-CN
NV0227,TQP-BD-CN227,TQP,TQP-BD,TQP-BD-CN
NV0228,TQP-QN-CN228,TQP,TQP-QN,TQP-QN-CN
NV0229,TQP-TN-CN229,TQP,TQP-TN,TQP-TN-CN
NV0230,TQP-KH-CN230,TQP,TQP-KH,TQP-KH-CN
NV0241,TQP-HN-CN241,TQP,TQP-HN,TQP-HN-CN
NV0242,TQP-HCM-CN242,TQP,TQP-HCM,TQP-HCM-CN
NV0243,TQP-DN-CN243,TQP,TQP-DN,TQP-DN-CN
NV0244,TQP-HP-CN244,TQP,TQP-HP,TQP-HP-CN
NV0245,TQP-CT-CN245,TQP,TQP-CT,TQP-CT-CN
NV0246,TQP-NA-CN246,TQP,TQP-NA,TQP-NA-CN
NV0247,TQP-BD-CN247,TQP,TQP-BD,TQP-BD-CN
NV0248,TQP-QN-CN248,TQP,TQP-QN,TQP-QN-CN
NV0249,TQP-TN-CN249,TQP,TQP-TN,TQP-TN-CN
NV0250,TQP-KH-CN250,TQP,TQP-KH,TQP-KH-CN
NV0261,TQP-HN-CN261,TQP,TQP-HN,TQP-HN-CN
NV0262,TQP-HCM-CN262,TQP,TQP-HCM,TQP-HCM-CN
NV0263,TQP-DN-CN263,TQP,TQP-DN,TQP-DN-CN
NV0264,TQP-HP-CN264,TQP,TQP-HP,TQP-HP-CN
NV0265,TQP-CT-CN265,TQP,TQP-CT,TQP-CT-CN
NV0266,TQP-NA-CN266,TQP,TQP-NA,TQP-NA-CN
NV0267,TQP-BD-CN267,TQP,TQP-BD,TQP-BD-CN
NV0268,TQP-QN-CN268,TQP,TQP-QN,TQP-QN-CN
NV0269,TQP-TN-CN269,TQP,TQP-TN,TQP-TN-CN
NV0270,TQP-KH-CN270,TQP,TQP-KH,TQP-KH-CN
NV0281,TQP-HN-CN281,TQP,TQP-HN,TQP-HN-CN
NV0282,TQP-HCM-CN282,TQP,TQP-HCM,TQP-HCM-CN
NV0283,TQP-DN-CN283,TQP,TQP-DN,TQP-DN-CN
NV0284,TQP-HP-CN284,TQP,TQP-HP,TQP-HP-CN
NV0285,TQP-CT-CN285,TQP,TQP-CT,TQP-CT-CN
NV0286,TQP-NA-CN286,TQP,TQP-NA,TQP-NA-CN
NV0287,TQP-BD-CN287,TQP,TQP-BD,TQP-BD-CN
NV0288,TQP-QN-CN288,TQP,TQP-QN,TQP-QN-CN
NV0289,TQP-TN-CN289,TQP,TQP-TN,TQP-TN-CN
NV0290,TQP-KH-CN290,TQP,TQP-KH,TQP-KH-CN
NV0301,TQP-HN-CN301,TQP,TQP-HN,TQP-HN-CN
NV0302,TQP-HCM-CN302,TQP,TQP-HCM,TQP-HCM-CN
NV0303,TQP-DN-CN303,TQP,TQP-DN,TQP-DN-CN
NV0304,TQP-HP-CN304,TQP,TQP-HP,TQP-HP-CN
NV0305,TQP-CT-CN305,TQP,TQP-CT,TQP-CT-CN
NV0306,TQP-NA-CN306,TQP,TQP-NA,TQP-NA-CN
NV0307,TQP-BD-CN307,TQP,TQP-BD,TQP-BD-CN
NV0308,TQP-QN-CN308,TQP,TQP-QN,TQP-QN-CN
NV0309,TQP-TN-CN309,TQP,TQP-TN,TQP-TN-CN
NV0310,TQP-KH-CN310,TQP,TQP-KH,TQP-KH-CN
NV0321,TQP-HN-CN321,TQP,TQP-HN,TQP-HN-CN
NV0322,TQP-HCM-CN322,TQP,TQP-HCM,TQP-HCM-CN
NV0323,TQP-DN-CN323,TQP,TQP-DN,TQP-DN-CN
NV0324,TQP-HP-CN324,TQP,TQP-HP,TQP-HP-CN
NV0325,TQP-CT-CN325,TQP,TQP-CT,TQP-CT-CN
NV0326,TQP-NA-CN326,TQP,TQP-NA,TQP-NA-CN
NV0327,TQP-BD-CN327,TQP,TQP-BD,TQP-BD-CN
NV0328,TQP-QN-CN328,TQP,TQP-QN,TQP-QN-CN
NV0329,TQP-TN-CN329,TQP,TQP-TN,TQP-TN-CN
NV0330,TQP-KH-CN330,TQP,TQP-KH,TQP-KH-CN
NV0341,TQP-HN-CN341,TQP,TQP-HN,TQP-HN-CN
NV0342,TQP-HCM-CN342,TQP,TQP-HCM,TQP-HCM-CN
NV0343,TQP-DN-CN343,TQP,TQP-DN,TQP-DN-CN
NV0344,TQP-HP-CN344,TQP,TQP-HP,TQP-HP-CN
NV0345,TQP-CT-CN345,TQP,TQP-CT,TQP-CT-CN
NV0346,TQP-NA-CN346,TQP,TQP-NA,TQP-NA-CN
NV0347,TQP-BD-CN347,TQP,TQP-BD,TQP-BD-CN
NV0348,TQP-QN-CN348,TQP,TQP-QN,TQP-QN-CN
NV0349,TQP-TN-CN349,TQP,TQP-TN,TQP-TN-CN
NV0350,TQP-KH-CN350,TQP,TQP-KH,TQP-KH-CN
NV0361,TQP-HN-CN361,TQP,TQP-HN,TQP-HN-CN
NV0362,TQP-HCM-CN362,TQP,TQP-HCM,TQP-HCM-CN
NV0363,TQP-DN-CN363,TQP,TQP-DN,TQP-DN-CN
NV0364,TQP-HP-CN364,TQP,TQP-HP,TQP-HP-CN
NV0365,TQP-CT-CN365,TQP,TQP-CT,TQP-CT-CN
NV0366,TQP-NA-CN366,TQP,TQP-NA,TQP-NA-CN
NV0367,TQP-BD-CN367,TQP,TQP-BD,TQP-BD-CN
NV0368,TQP-QN-CN368,TQP,TQP-QN,TQP-QN-CN
NV0369,TQP-TN-CN369,TQP,TQP-TN,TQP-TN-CN
NV0370,TQP-KH-CN370,TQP,TQP-KH,TQP-KH-CN
NV0381,TQP-HN-CN381,TQP,TQP-HN,TQP-HN-CN
NV0382,TQP-HCM-CN382,TQP,TQP-HCM,TQP-HCM-CN
NV0383,TQP-DN-CN383,TQP,TQP-DN,TQP-DN-CN
NV0384,TQP-HP-CN384,TQP,TQP-HP,TQP-HP-CN
NV0385,TQP-CT-CN385,TQP,TQP-CT,TQP-CT-CN
NV0386,TQP-NA-CN386,TQP,TQP-NA,TQP-NA-CN
NV0387,TQP-BD-CN387,TQP,TQP-BD,TQP-BD-CN
NV0388,TQP-QN-CN388,TQP,TQP-QN,TQP-QN-CN
NV0389,TQP-TN-CN389,TQP,TQP-TN,TQP-TN-CN
NV0390,TQP-KH-CN390,TQP,TQP-KH,TQP-KH-CN
NV0401,TQP-HN-CN401,TQP,TQP-HN,TQP-HN-CN
NV0402,TQP-HCM-CN402,TQP,TQP-HCM,TQP-HCM-CN
NV0403,TQP-DN-CN403,TQP,TQP-DN,TQP-DN-CN
NV0404,TQP-HP-CN404,TQP,TQP-HP,TQP-HP-CN
NV0405,TQP-CT-CN405,TQP,TQP-CT,TQP-CT-CN
NV0406,TQP-NA-CN406,TQP,TQP-NA,TQP-NA-CN
NV0407,TQP-BD-CN407,TQP,TQP-BD,TQP-BD-CN
NV0408,TQP-QN-CN408,TQP,TQP-QN,TQP-QN-CN
NV0409,TQP-TN-CN409,TQP,TQP-TN,TQP-TN-CN
NV0410,TQP-KH-CN410,TQP,TQP-KH,TQP-KH-CN
NV0421,TQP-HN-CN421,TQP,TQP-HN,TQP-HN-CN
NV0422,TQP-HCM-CN422,TQP,TQP-HCM,TQP-HCM-CN
NV0423,TQP-DN-CN423,TQP,TQP-DN,TQP-DN-CN
NV0424,TQP-HP-CN424,TQP,TQP-HP,TQP-HP-CN
NV0425,TQP-CT-CN425,TQP,TQP-CT,TQP-CT-CN
NV0426,TQP-NA-CN426,TQP,TQP-NA,TQP-NA-CN
NV0427,TQP-BD-CN427,TQP,TQP-BD,TQP-BD-CN
NV0428,TQP-QN-CN428,TQP,TQP-QN,TQP-QN-CN
NV0429,TQP-TN-CN429,TQP,TQP-TN,TQP-TN-CN
NV0430,TQP-KH-CN430,TQP,TQP-KH,TQP-KH-CN
NV0441,TQP-HN-CN441,TQP,TQP-HN,TQP-HN-CN
NV0442,TQP-HCM-CN442,TQP,TQP-HCM,TQP-HCM-CN
NV0443,TQP-DN-CN443,TQP,TQP-DN,TQP-DN-CN
NV0444,TQP-HP-CN444,TQP,TQP-HP,TQP-HP-CN
NV0445,TQP-CT-CN445,TQP,TQP-CT,TQP-CT-CN
NV0446,TQP-NA-CN446,TQP,TQP-NA,TQP-NA-CN
NV0447,TQP-BD-CN447,TQP,TQP-BD,TQP-BD-CN
NV0448,TQP-QN-CN448,TQP,TQP-QN,TQP-QN-CN
NV0449,TQP-TN-CN449,TQP,TQP-TN,TQP-TN-CN
NV0450,TQP-KH-CN450,TQP,TQP-KH,TQP-KH-CN
NV0461,TQP-HN-CN461,TQP,TQP-HN,TQP-HN-CN
NV0462,TQP-HCM-CN462,TQP,TQP-HCM,TQP-HCM-CN
NV0463,TQP-DN-CN463,TQP,TQP-DN,TQP-DN-CN
NV0464,TQP-HP-CN464,TQP,TQP-HP,TQP-HP-CN
NV0465,TQP-CT-CN465,TQP,TQP-CT,TQP-CT-CN
NV0466,TQP-NA-CN466,TQP,TQP-NA,TQP-NA-CN
NV0467,TQP-BD-CN467,TQP,TQP-BD,TQP-BD-CN
NV0468,TQP-QN-CN468,TQP,TQP-QN,TQP-QN-CN
NV0469,TQP-TN-CN469,TQP,TQP-TN,TQP-TN-CN
NV0470,TQP-KH-CN470,TQP,TQP-KH,TQP-KH-CN
NV0481,TQP-HN-CN481,TQP,TQP-HN,TQP-HN-CN
NV0482,TQP-HCM-CN482,TQP,TQP-HCM,TQP-HCM-CN
NV0483,TQP-DN-CN483,TQP,TQP-DN,TQP-DN-CN
NV0484,TQP-HP-CN484,TQP,TQP-HP,TQP-HP-CN
NV0485,TQP-CT-CN485,TQP,TQP-CT,TQP-CT-CN
NV0486,TQP-NA-CN486,TQP,TQP-NA,TQP-NA-CN
NV0487,TQP-BD-CN487,TQP,TQP-BD,TQP-BD-CN
NV0488,TQP-QN-CN488,TQP,TQP-QN,TQP-QN-CN
NV0489,TQP-TN-CN489,TQP,TQP-TN,TQP-TN-CN
NV0490,TQP-KH-CN490,TQP,TQP-KH,TQP-KH-CN
NV0501,TQP-HN-CN501,TQP,TQP-HN,TQP-HN-CN
NV426,TQP-NA-XCG426,TQP,TQP-NA,TQP-NA-XCG
NV427,TQP-BD-XCG427,TQP,TQP-BD,TQP-BD-XCG
NV428,TQP-QN-XCG428,TQP,TQP-QN,TQP-QN-XCG
NV429,TQP-TN-XCG429,TQP,TQP-TN,TQP-TN-XCG
NV430,TQP-KH-XCG430,TQP,TQP-KH,TQP-KH-XCG
NV441,TQP-HN-XCG441,TQP,TQP-HN,TQP-HN-XCG
NV442,TQP-HCM-XCG442,TQP,TQP-HCM,TQP-HCM-XCG
NV443,TQP-DN-XCG443,TQP,TQP-DN,TQP-DN-XCG
NV444,TQP-HP-XCG444,TQP,TQP-HP,TQP-HP-XCG
NV445,TQP-CT-XCG445,TQP,TQP-CT,TQP-CT-XCG
NV446,TQP-NA-XCG446,TQP,TQP-NA,TQP-NA-XCG
NV447,TQP-BD-XCG447,TQP,TQP-BD,TQP-BD-XCG
NV448,TQP-QN-XCG448,TQP,TQP-QN,TQP-QN-XCG
NV449,TQP-TN-XCG449,TQP,TQP-TN,TQP-TN-XCG
NV450,TQP-KH-XCG450,TQP,TQP-KH,TQP-KH-XCG
NV461,TQP-HN-XCG461,TQP,TQP-HN,TQP-HN-XCG
NV462,TQP-HCM-XCG462,TQP,TQP-HCM,TQP-HCM-XCG
NV463,TQP-DN-XCG463,TQP,TQP-DN,TQP-DN-XCG
NV464,TQP-HP-XCG464,TQP,TQP-HP,TQP-HP-XCG
NV465,TQP-CT-XCG465,TQP,TQP-CT,TQP-CT-XCG
NV466,TQP-NA-XCG466,TQP,TQP-NA,TQP-NA-XCG
NV467,TQP-BD-XCG467,TQP,TQP-BD,TQP-BD-XCG
NV468,TQP-QN-XCG468,TQP,TQP-QN,TQP-QN-XCG
NV469,TQP-TN-XCG469,TQP,TQP-TN,TQP-TN-XCG
NV470,TQP-KH-XCG470,TQP,TQP-KH,TQP-KH-XCG
NV481,TQP-HN-XCG481,TQP,TQP-HN,TQP-HN-XCG
NV482,TQP-HCM-XCG482,TQP,TQP-HCM,TQP-HCM-XCG
NV483,TQP-DN-XCG483,TQP,TQP-DN,TQP-DN-XCG
NV484,TQP-HP-XCG484,TQP,TQP-HP,TQP-HP-XCG
NV485,TQP-CT-XCG485,TQP,TQP-CT,TQP-CT-XCG
NV486,TQP-NA-XCG486,TQP,TQP-NA,TQP-NA-XCG
NV487,TQP-BD-XCG487,TQP,TQP-BD,TQP-BD-XCG
NV488,TQP-QN-XCG488,TQP,TQP-QN,TQP-QN-XCG
NV489,TQP-TN-XCG489,TQP,TQP-TN,TQP-TN-XCG
NV490,TQP-KH-XCG490,TQP,TQP-KH,TQP-KH-XCG
NV004,TQP-HN-XCG501,TQP,TQP-HN,TQP-HN-XCG
NV070,TQP-DN-XCG503,TQP,TQP-DN,TQP-DN-XCG
NV402,TQP-BD-XCG505,TQP,TQP-BD,TQP-BD-XCG
NV388,TQP-HN-XCG507,TQP,TQP-HN,TQP-HN-XCG
TCT002,TQP-TCT-XCG001,TQP,TQP-TCT,TQP-TCT-XCG
NV501,TQP-TCT-IT472,TQP,TQP-TCT,TQP-TCT-IT
NV502,TQP-TCT-GĐ195,TQP,TQP-TCT,TQP-TCT-GĐ
NV503,TQP-TCT-MAR763,TQP,TQP-TCT,TQP-TCT-MAR
NV504,TQP-TCT-IT821,TQP,TQP-TCT,TQP-TCT-IT
NV505,TQP-TCT-PTKD306,TQP,TQP-TCT,TQP-TCT-PTKD
NV506,TQP-TCT-PC549,TQP,TQP-TCT,TQP-TCT-PC
NV507,TQP-TCT-MAR128,TQP,TQP-TCT,TQP-TCT-MAR
NV510,TQP-TCT-GĐ857,TQP,TQP-TCT,TQP-TCT-GĐ
NV511,TQP-TCT-GĐ241,TQP,TQP-TCT,TQP-TCT-GĐ
NV512,TQP-TCT-CSKH583,TQP,TQP-TCT,TQP-TCT-CSKH
NV514,TQP-TCT-TCKT305,TQP,TQP-TCT,TQP-TCT-TCKT
NV515,TQP-TCT-CSKH742,TQP,TQP-TCT,TQP-TCT-CSKH
NV518,TQP-TCT-TBH451,TQP,TQP-TCT,TQP-TCT-TBH
NV521,TQP-TCT-QLRR563,TQP,TQP-TCT,TQP-TCT-QLRR
NV522,TQP-TCT-TBH218,TQP,TQP-TCT,TQP-TCT-TBH
NV523,TQP-TCT-PC705,TQP,TQP-TCT,TQP-TCT-PC
NV530,TQP-TCT-PTKD608,TQP,TQP-TCT,TQP-TCT-PTKD
NV531,TQP-TCT-ĐT175,TQP,TQP-TCT,TQP-TCT-ĐT
NV532,TQP-TCT-TBH429,TQP,TQP-TCT,TQP-TCT-TBH
NV533,TQP-TCT-TBH786,TQP,TQP-TCT,TQP-TCT-TBH
NV535,TQP-TCT-PC294,TQP,TQP-TCT,TQP-TCT-PC
NV536,TQP-TCT-GĐ647,TQP,TQP-TCT,TQP-TCT-GĐ
NV537,TQP-TCT-PC813,TQP,TQP-TCT,TQP-TCT-PC
NV538,TQP-TCT-HCNS356,TQP,TQP-TCT,TQP-TCT-HCNS
NV539,TQP-TCT-TCKT972,TQP,TQP-TCT,TQP-TCT-TCKT
NV540,TQP-TCT-PC184,TQP,TQP-TCT,TQP-TCT-PC
NV543,TQP-TCT-PTKD759,TQP,TQP-TCT,TQP-TCT-PTKD
NV544,TQP-TCT-GĐ283,TQP,TQP-TCT,TQP-TCT-GĐ
NV545,TQP-TCT-PTKD506,TQP,TQP-TCT,TQP-TCT-PTKD
NV548,TQP-TCT-GĐ864,TQP,TQP-TCT,TQP-TCT-GĐ
NV549,TQP-TCT-TCKT529,TQP,TQP-TCT,TQP-TCT-TCKT
NV550,TQP-TCT-MAR781,TQP,TQP-TCT,TQP-TCT-MAR
NV551,TQP-TCT-PC236,TQP,TQP-TCT,TQP-TCT-PC
NV553,TQP-TCT-IT415,TQP,TQP-TCT,TQP-TCT-IT
NV554,TQP-TCT-MAR872,TQP,TQP-TCT,TQP-TCT-MAR
NV555,TQP-TCT-QLRR347,TQP,TQP-TCT,TQP-TCT-QLRR
NV557,TQP-TCT-GĐ704,TQP,TQP-TCT,TQP-TCT-GĐ
NV558,TQP-TCT-TCKT168,TQP,TQP-TCT,TQP-TCT-TCKT
NV559,TQP-TCT-CSKH923,TQP,TQP-TCT,TQP-TCT-CSKH
NV565,TQP-TCT-GĐ897,TQP,TQP-TCT,TQP-TCT-GĐ
NV566,TQP-TCT-QLRR321,TQP,TQP-TCT,TQP-TCT-QLRR
NV569,TQP-TCT-HCNS695,TQP,TQP-TCT,TQP-TCT-HCNS
NV570,TQP-TCT-IT412,TQP,TQP-TCT,TQP-TCT-IT
NV571,TQP-TCT-MAR837,TQP,TQP-TCT,TQP-TCT-MAR
NV573,TQP-TCT-TBH589,TQP,TQP-TCT,TQP-TCT-TBH
NV575,TQP-TCT-MAR351,TQP,TQP-TCT,TQP-TCT-MAR
NV576,TQP-TCT-ĐT908,TQP,TQP-TCT,TQP-TCT-ĐT
NV579,TQP-TCT-GĐ763,TQP,TQP-TCT,TQP-TCT-GĐ
NV0503,TQP-DN-CN503,TQP,TQP-DN,TQP-DN-CN
NV0505,TQP-BD-CN505,TQP,TQP-BD,TQP-BD-CN
NV0507,TQP-HN-CN507,TQP,TQP-HN,TQP-HN-CN
NV0511,TQP-TCT-CN001,TQP,TQP-TCT,TQP-TCT-CN
NV091,MGV-HN-XCG091,MGV,MGV-HN,MGV-HN-XCG
NV092,MGV-HCM-XCG092,MGV,MGV-HCM,MGV-HCM-XCG
NV093,MGV-DN-XCG093,MGV,MGV-DN,MGV-DN-XCG
NV094,MGV-HP-XCG094,MGV,MGV-HP,MGV-HP-XCG
NV095,MGV-CT-XCG095,MGV,MGV-CT,MGV-CT-XCG
NV096,MGV-NA-XCG096,MGV,MGV-NA,MGV-NA-XCG
NV097,MGV-BD-XCG097,MGV,MGV-BD,MGV-BD-XCG
NV098,MGV-QN-XCG098,MGV,MGV-QN,MGV-QN-XCG
NV099,MGV-TN-XCG099,MGV,MGV-TN,MGV-TN-XCG
NV100,MGV-KH-XCG100,MGV,MGV-KH,MGV-KH-XCG
NV111,MGV-HN-XCG111,MGV,MGV-HN,MGV-HN-XCG
NV112,MGV-HCM-XCG112,MGV,MGV-HCM,MGV-HCM-XCG
NV113,MGV-DN-XCG113,MGV,MGV-DN,MGV-DN-XCG
NV114,MGV-HP-XCG114,MGV,MGV-HP,MGV-HP-XCG
NV115,MGV-CT-XCG115,MGV,MGV-CT,MGV-CT-XCG
NV116,MGV-NA-XCG116,MGV,MGV-NA,MGV-NA-XCG
NV117,MGV-BD-XCG117,MGV,MGV-BD,MGV-BD-XCG
NV118,MGV-QN-XCG118,MGV,MGV-QN,MGV-QN-XCG
NV119,MGV-TN-XCG119,MGV,MGV-TN,MGV-TN-XCG
NV120,MGV-KH-XCG120,MGV,MGV-KH,MGV-KH-XCG
NV131,MGV-HN-XCG131,MGV,MGV-HN,MGV-HN-XCG
NV132,MGV-HCM-XCG132,MGV,MGV-HCM,MGV-HCM-XCG
NV133,MGV-DN-XCG133,MGV,MGV-DN,MGV-DN-XCG
NV134,MGV-HP-XCG134,MGV,MGV-HP,MGV-HP-XCG
NV135,MGV-CT-XCG135,MGV,MGV-CT,MGV-CT-XCG
NV136,MGV-NA-XCG136,MGV,MGV-NA,MGV-NA-XCG
NV137,MGV-BD-XCG137,MGV,MGV-BD,MGV-BD-XCG
NV138,MGV-QN-XCG138,MGV,MGV-QN,MGV-QN-XCG
NV139,MGV-TN-XCG139,MGV,MGV-TN,MGV-TN-XCG
NV140,MGV-KH-XCG140,MGV,MGV-KH,MGV-KH-XCG
NV151,MGV-HN-XCG151,MGV,MGV-HN,MGV-HN-XCG
NV152,MGV-HCM-XCG152,MGV,MGV-HCM,MGV-HCM-XCG
NV153,MGV-DN-XCG153,MGV,MGV-DN,MGV-DN-XCG
NV154,MGV-HP-XCG154,MGV,MGV-HP,MGV-HP-XCG
NV155,MGV-CT-XCG155,MGV,MGV-CT,MGV-CT-XCG
NV156,MGV-NA-XCG156,MGV,MGV-NA,MGV-NA-XCG
NV157,MGV-BD-XCG157,MGV,MGV-BD,MGV-BD-XCG
NV158,MGV-QN-XCG158,MGV,MGV-QN,MGV-QN-XCG
NV159,MGV-TN-XCG159,MGV,MGV-TN,MGV-TN-XCG
NV160,MGV-KH-XCG160,MGV,MGV-KH,MGV-KH-XCG
NV171,MGV-HN-XCG171,MGV,MGV-HN,MGV-HN-XCG
NV257,MGV-BD-XCG257,MGV,MGV-BD,MGV-BD-XCG
NV258,MGV-QN-XCG258,MGV,MGV-QN,MGV-QN-XCG
NV259,MGV-TN-XCG259,MGV,MGV-TN,MGV-TN-XCG
NV260,MGV-KH-XCG260,MGV,MGV-KH,MGV-KH-XCG
NV271,MGV-HN-XCG271,MGV,MGV-HN,MGV-HN-XCG
NV272,MGV-HCM-XCG272,MGV,MGV-HCM,MGV-HCM-XCG
NV273,MGV-DN-XCG273,MGV,MGV-DN,MGV-DN-XCG
NV274,MGV-HP-XCG274,MGV,MGV-HP,MGV-HP-XCG
NV275,MGV-CT-XCG275,MGV,MGV-CT,MGV-CT-XCG
NV276,MGV-NA-XCG276,MGV,MGV-NA,MGV-NA-XCG
NV277,MGV-BD-XCG277,MGV,MGV-BD,MGV-BD-XCG
NV278,MGV-QN-XCG278,MGV,MGV-QN,MGV-QN-XCG
NV279,MGV-TN-XCG279,MGV,MGV-TN,MGV-TN-XCG
NV280,MGV-KH-XCG280,MGV,MGV-KH,MGV-KH-XCG
NV291,MGV-HN-XCG291,MGV,MGV-HN,MGV-HN-XCG
NV292,MGV-HCM-XCG292,MGV,MGV-HCM,MGV-HCM-XCG
NV293,MGV-DN-XCG293,MGV,MGV-DN,MGV-DN-XCG
NV294,MGV-HP-XCG294,MGV,MGV-HP,MGV-HP-XCG
NV295,MGV-CT-XCG295,MGV,MGV-CT,MGV-CT-XCG
NV296,MGV-NA-XCG296,MGV,MGV-NA,MGV-NA-XCG
NV297,MGV-BD-XCG297,MGV,MGV-BD,MGV-BD-XCG
NV298,MGV-QN-XCG298,MGV,MGV-QN,MGV-QN-XCG
NV299,MGV-TN-XCG299,MGV,MGV-TN,MGV-TN-XCG
NV300,MGV-KH-XCG300,MGV,MGV-KH,MGV-KH-XCG
NV311,MGV-HN-XCG311,MGV,MGV-HN,MGV-HN-XCG
NV312,MGV-HCM-XCG312,MGV,MGV-HCM,MGV-HCM-XCG
NV313,MGV-DN-XCG313,MGV,MGV-DN,MGV-DN-XCG
NV314,MGV-HP-XCG314,MGV,MGV-HP,MGV-HP-XCG
NV315,MGV-CT-XCG315,MGV,MGV-CT,MGV-CT-XCG
NV316,MGV-NA-XCG316,MGV,MGV-NA,MGV-NA-XCG
NV317,MGV-BD-XCG317,MGV,MGV-BD,MGV-BD-XCG
NV318,MGV-QN-XCG318,MGV,MGV-QN,MGV-QN-XCG
NV319,MGV-TN-XCG319,MGV,MGV-TN,MGV-TN-XCG
NV320,MGV-KH-XCG320,MGV,MGV-KH,MGV-KH-XCG
NV331,MGV-HN-XCG331,MGV,MGV-HN,MGV-HN-XCG
NV332,MGV-HCM-XCG332,MGV,MGV-HCM,MGV-HCM-XCG
NV333,MGV-DN-XCG333,MGV,MGV-DN,MGV-DN-XCG
NV334,MGV-HP-XCG334,MGV,MGV-HP,MGV-HP-XCG
NV335,MGV-CT-XCG335,MGV,MGV-CT,MGV-CT-XCG
NV336,MGV-NA-XCG336,MGV,MGV-NA,MGV-NA-XCG
NV337,MGV-BD-XCG337,MGV,MGV-BD,MGV-BD-XCG
NV338,MGV-QN-XCG338,MGV,MGV-QN,MGV-QN-XCG
NV339,MGV-TN-XCG339,MGV,MGV-TN,MGV-TN-XCG
NV340,MGV-KH-XCG340,MGV,MGV-KH,MGV-KH-XCG
NV351,MGV-HN-XCG351,MGV,MGV-HN,MGV-HN-XCG
NV352,MGV-HCM-XCG352,MGV,MGV-HCM,MGV-HCM-XCG
NV353,MGV-DN-XCG353,MGV,MGV-DN,MGV-DN-XCG
NV354,MGV-HP-XCG354,MGV,MGV-HP,MGV-HP-XCG
NV355,MGV-CT-XCG355,MGV,MGV-CT,MGV-CT-XCG
NV356,MGV-NA-XCG356,MGV,MGV-NA,MGV-NA-XCG
NV357,MGV-BD-XCG357,MGV,MGV-BD,MGV-BD-XCG
NV358,MGV-QN-XCG358,MGV,MGV-QN,MGV-QN-XCG
NV359,MGV-TN-XCG359,MGV,MGV-TN,MGV-TN-XCG
NV360,MGV-KH-XCG360,MGV,MGV-KH,MGV-KH-XCG
NV371,MGV-HN-XCG371,MGV,MGV-HN,MGV-HN-XCG
NV372,MGV-HCM-XCG372,MGV,MGV-HCM,MGV-HCM-XCG
NV373,MGV-DN-XCG373,MGV,MGV-DN,MGV-DN-XCG
NV374,MGV-HP-XCG374,MGV,MGV-HP,MGV-HP-XCG
NV375,MGV-CT-XCG375,MGV,MGV-CT,MGV-CT-XCG
NV376,MGV-NA-XCG376,MGV,MGV-NA,MGV-NA-XCG
NV377,MGV-BD-XCG377,MGV,MGV-BD,MGV-BD-XCG
NV378,MGV-QN-XCG378,MGV,MGV-QN,MGV-QN-XCG
NV379,MGV-TN-XCG379,MGV,MGV-TN,MGV-TN-XCG
NV380,MGV-KH-XCG380,MGV,MGV-KH,MGV-KH-XCG
NV391,MGV-HN-XCG391,MGV,MGV-HN,MGV-HN-XCG
NV392,MGV-HCM-XCG392,MGV,MGV-HCM,MGV-HCM-XCG
NV393,MGV-DN-XCG393,MGV,MGV-DN,MGV-DN-XCG
NV394,MGV-HP-XCG394,MGV,MGV-HP,MGV-HP-XCG
NV395,MGV-CT-XCG395,MGV,MGV-CT,MGV-CT-XCG
NV396,MGV-NA-XCG396,MGV,MGV-NA,MGV-NA-XCG
NV397,MGV-BD-XCG397,MGV,MGV-BD,MGV-BD-XCG
NV398,MGV-QN-XCG398,MGV,MGV-QN,MGV-QN-XCG
NV399,MGV-TN-XCG399,MGV,MGV-TN,MGV-TN-XCG
NV400,MGV-KH-XCG400,MGV,MGV-KH,MGV-KH-XCG
NV411,MGV-HN-XCG411,MGV,MGV-HN,MGV-HN-XCG
NV412,MGV-HCM-XCG412,MGV,MGV-HCM,MGV-HCM-XCG
NV413,MGV-DN-XCG413,MGV,MGV-DN,MGV-DN-XCG
NV414,MGV-HP-XCG414,MGV,MGV-HP,MGV-HP-XCG
NV415,MGV-CT-XCG415,MGV,MGV-CT,MGV-CT-XCG
NV416,MGV-NA-XCG416,MGV,MGV-NA,MGV-NA-XCG
NV417,MGV-BD-XCG417,MGV,MGV-BD,MGV-BD-XCG
NV418,MGV-QN-XCG418,MGV,MGV-QN,MGV-QN-XCG
NV419,MGV-TN-XCG419,MGV,MGV-TN,MGV-TN-XCG
NV420,MGV-KH-XCG420,MGV,MGV-KH,MGV-KH-XCG
NV172,MGV-HCM-XCG172,MGV,MGV-HCM,MGV-HCM-XCG
NV173,MGV-DN-XCG173,MGV,MGV-DN,MGV-DN-XCG
NV174,MGV-HP-XCG174,MGV,MGV-HP,MGV-HP-XCG
NV175,MGV-CT-XCG175,MGV,MGV-CT,MGV-CT-XCG
NV176,MGV-NA-XCG176,MGV,MGV-NA,MGV-NA-XCG
NV177,MGV-BD-XCG177,MGV,MGV-BD,MGV-BD-XCG
NV178,MGV-QN-XCG178,MGV,MGV-QN,MGV-QN-XCG
NV179,MGV-TN-XCG179,MGV,MGV-TN,MGV-TN-XCG
NV180,MGV-KH-XCG180,MGV,MGV-KH,MGV-KH-XCG
NV191,MGV-HN-XCG191,MGV,MGV-HN,MGV-HN-XCG
NV192,MGV-HCM-XCG192,MGV,MGV-HCM,MGV-HCM-XCG
NV193,MGV-DN-XCG193,MGV,MGV-DN,MGV-DN-XCG
NV194,MGV-HP-XCG194,MGV,MGV-HP,MGV-HP-XCG
NV195,MGV-CT-XCG195,MGV,MGV-CT,MGV-CT-XCG
NV196,MGV-NA-XCG196,MGV,MGV-NA,MGV-NA-XCG
NV197,MGV-BD-XCG197,MGV,MGV-BD,MGV-BD-XCG
NV198,MGV-QN-XCG198,MGV,MGV-QN,MGV-QN-XCG
NV199,MGV-TN-XCG199,MGV,MGV-TN,MGV-TN-XCG
NV200,MGV-KH-XCG200,MGV,MGV-KH,MGV-KH-XCG
NV211,MGV-HN-XCG211,MGV,MGV-HN,MGV-HN-XCG
NV212,MGV-HCM-XCG212,MGV,MGV-HCM,MGV-HCM-XCG
NV213,MGV-DN-XCG213,MGV,MGV-DN,MGV-DN-XCG
NV214,MGV-HP-XCG214,MGV,MGV-HP,MGV-HP-XCG
NV215,MGV-CT-XCG215,MGV,MGV-CT,MGV-CT-XCG
NV216,MGV-NA-XCG216,MGV,MGV-NA,MGV-NA-XCG
NV217,MGV-BD-XCG217,MGV,MGV-BD,MGV-BD-XCG
NV218,MGV-QN-XCG218,MGV,MGV-QN,MGV-QN-XCG
NV219,MGV-TN-XCG219,MGV,MGV-TN,MGV-TN-XCG
NV220,MGV-KH-XCG220,MGV,MGV-KH,MGV-KH-XCG
NV231,MGV-HN-XCG231,MGV,MGV-HN,MGV-HN-XCG
NV232,MGV-HCM-XCG232,MGV,MGV-HCM,MGV-HCM-XCG
NV233,MGV-DN-XCG233,MGV,MGV-DN,MGV-DN-XCG
NV234,MGV-HP-XCG234,MGV,MGV-HP,MGV-HP-XCG
NV235,MGV-CT-XCG235,MGV,MGV-CT,MGV-CT-XCG
NV236,MGV-NA-XCG236,MGV,MGV-NA,MGV-NA-XCG
NV237,MGV-BD-XCG237,MGV,MGV-BD,MGV-BD-XCG
NV238,MGV-QN-XCG238,MGV,MGV-QN,MGV-QN-XCG
NV239,MGV-TN-XCG239,MGV,MGV-TN,MGV-TN-XCG
NV240,MGV-KH-XCG240,MGV,MGV-KH,MGV-KH-XCG
NV251,MGV-HN-XCG251,MGV,MGV-HN,MGV-HN-XCG
NV252,MGV-HCM-XCG252,MGV,MGV-HCM,MGV-HCM-XCG
NV253,MGV-DN-XCG253,MGV,MGV-DN,MGV-DN-XCG
NV254,MGV-HP-XCG254,MGV,MGV-HP,MGV-HP-XCG
NV255,MGV-CT-XCG255,MGV,MGV-CT,MGV-CT-XCG
NV256,MGV-NA-XCG256,MGV,MGV-NA,MGV-NA-XCG
NV011,MGV-HN-XCG011,MGV,MGV-HN,MGV-HN-XCG
NV012,MGV-HCM-XCG012,MGV,MGV-HCM,MGV-HCM-XCG
NV013,MGV-DN-XCG013,MGV,MGV-DN,MGV-DN-XCG
NV014,MGV-HP-XCG014,MGV,MGV-HP,MGV-HP-XCG
NV015,MGV-CT-XCG015,MGV,MGV-CT,MGV-CT-XCG
NV016,MGV-NA-XCG016,MGV,MGV-NA,MGV-NA-XCG
NV017,MGV-BD-XCG017,MGV,MGV-BD,MGV-BD-XCG
NV018,MGV-QN-XCG018,MGV,MGV-QN,MGV-QN-XCG
NV019,MGV-TN-XCG019,MGV,MGV-TN,MGV-TN-XCG
NV020,MGV-KH-XCG020,MGV,MGV-KH,MGV-KH-XCG
NV031,MGV-HN-XCG031,MGV,MGV-HN,MGV-HN-XCG
NV032,MGV-HCM-XCG032,MGV,MGV-HCM,MGV-HCM-XCG
NV033,MGV-DN-XCG033,MGV,MGV-DN,MGV-DN-XCG
NV034,MGV-HP-XCG034,MGV,MGV-HP,MGV-HP-XCG
NV035,MGV-CT-XCG035,MGV,MGV-CT,MGV-CT-XCG
NV036,MGV-NA-XCG036,MGV,MGV-NA,MGV-NA-XCG
NV037,MGV-BD-XCG037,MGV,MGV-BD,MGV-BD-XCG
NV038,MGV-QN-XCG038,MGV,MGV-QN,MGV-QN-XCG
NV039,MGV-TN-XCG039,MGV,MGV-TN,MGV-TN-XCG
NV040,MGV-KH-XCG040,MGV,MGV-KH,MGV-KH-XCG
NV051,MGV-HN-XCG051,MGV,MGV-HN,MGV-HN-XCG
NV052,MGV-HCM-XCG052,MGV,MGV-HCM,MGV-HCM-XCG
NV053,MGV-DN-XCG053,MGV,MGV-DN,MGV-DN-XCG
NV054,MGV-HP-XCG054,MGV,MGV-HP,MGV-HP-XCG
NV055,MGV-CT-XCG055,MGV,MGV-CT,MGV-CT-XCG
NV056,MGV-NA-XCG056,MGV,MGV-NA,MGV-NA-XCG
NV057,MGV-BD-XCG057,MGV,MGV-BD,MGV-BD-XCG
NV058,MGV-QN-XCG058,MGV,MGV-QN,MGV-QN-XCG
NV059,MGV-TN-XCG059,MGV,MGV-TN,MGV-TN-XCG
NV060,MGV-KH-XCG060,MGV,MGV-KH,MGV-KH-XCG
NV071,MGV-HN-XCG071,MGV,MGV-HN,MGV-HN-XCG
NV072,MGV-HCM-XCG072,MGV,MGV-HCM,MGV-HCM-XCG
NV073,MGV-DN-XCG073,MGV,MGV-DN,MGV-DN-XCG
NV074,MGV-HP-XCG074,MGV,MGV-HP,MGV-HP-XCG
NV075,MGV-CT-XCG075,MGV,MGV-CT,MGV-CT-XCG
NV076,MGV-NA-XCG076,MGV,MGV-NA,MGV-NA-XCG
NV077,MGV-BD-XCG077,MGV,MGV-BD,MGV-BD-XCG
NV078,MGV-QN-XCG078,MGV,MGV-QN,MGV-QN-XCG
NV079,MGV-TN-XCG079,MGV,MGV-TN,MGV-TN-XCG
NV080,MGV-KH-XCG080,MGV,MGV-KH,MGV-KH-XCG
NV583,MGV-TCT-ĐT128,MGV,MGV-TCT,MGV-TCT-ĐT
NV584,MGV-TCT-IT674,MGV,MGV-TCT,MGV-TCT-IT
NV585,MGV-TCT-TCKT392,MGV,MGV-TCT,MGV-TCT-TCKT
NV588,MGV-TCT-KPP583,MGV,MGV-TCT,MGV-TCT-KPP
NV589,MGV-TCT-TCKT916,MGV,MGV-TCT,MGV-TCT-TCKT
NV591,MGV-TCT-TBH742,MGV,MGV-TCT,MGV-TCT-TBH
NV595,MGV-TCT-TCKT374,MGV,MGV-TCT,MGV-TCT-TCKT
NV597,MGV-TCT-IT563,MGV,MGV-TCT,MGV-TCT-IT
NV600,MGV-TCT-HCNS143,MGV,MGV-TCT,MGV-TCT-HCNS
NV0011,MGV-HN-CN011,MGV,MGV-HN,MGV-HN-CN
NV0012,MGV-HCM-CN012,MGV,MGV-HCM,MGV-HCM-CN
NV0013,MGV-DN-CN013,MGV,MGV-DN,MGV-DN-CN
NV0014,MGV-HP-CN014,MGV,MGV-HP,MGV-HP-CN
NV0015,MGV-CT-CN015,MGV,MGV-CT,MGV-CT-CN
NV0016,MGV-NA-CN016,MGV,MGV-NA,MGV-NA-CN
NV0017,MGV-BD-CN017,MGV,MGV-BD,MGV-BD-CN
NV0018,MGV-QN-CN018,MGV,MGV-QN,MGV-QN-CN
NV0019,MGV-TN-CN019,MGV,MGV-TN,MGV-TN-CN
NV0020,MGV-KH-CN020,MGV,MGV-KH,MGV-KH-CN
NV0031,MGV-HN-CN031,MGV,MGV-HN,MGV-HN-CN
NV0032,MGV-HCM-CN032,MGV,MGV-HCM,MGV-HCM-CN
NV0033,MGV-DN-CN033,MGV,MGV-DN,MGV-DN-CN
NV0034,MGV-HP-CN034,MGV,MGV-HP,MGV-HP-CN
NV0035,MGV-CT-CN035,MGV,MGV-CT,MGV-CT-CN
NV0036,MGV-NA-CN036,MGV,MGV-NA,MGV-NA-CN
NV0037,MGV-BD-CN037,MGV,MGV-BD,MGV-BD-CN
NV0038,MGV-QN-CN038,MGV,MGV-QN,MGV-QN-CN
NV0039,MGV-TN-CN039,MGV,MGV-TN,MGV-TN-CN
NV0040,MGV-KH-CN040,MGV,MGV-KH,MGV-KH-CN
NV0051,MGV-HN-CN051,MGV,MGV-HN,MGV-HN-CN
NV0052,MGV-HCM-CN052,MGV,MGV-HCM,MGV-HCM-CN
NV0053,MGV-DN-CN053,MGV,MGV-DN,MGV-DN-CN
NV0054,MGV-HP-CN054,MGV,MGV-HP,MGV-HP-CN
NV0055,MGV-CT-CN055,MGV,MGV-CT,MGV-CT-CN
NV0056,MGV-NA-CN056,MGV,MGV-NA,MGV-NA-CN
NV0057,MGV-BD-CN057,MGV,MGV-BD,MGV-BD-CN
NV0058,MGV-QN-CN058,MGV,MGV-QN,MGV-QN-CN
NV0059,MGV-TN-CN059,MGV,MGV-TN,MGV-TN-CN
NV0060,MGV-KH-CN060,MGV,MGV-KH,MGV-KH-CN
NV0071,MGV-HN-CN071,MGV,MGV-HN,MGV-HN-CN
NV0072,MGV-HCM-CN072,MGV,MGV-HCM,MGV-HCM-CN
NV0073,MGV-DN-CN073,MGV,MGV-DN,MGV-DN-CN
NV0074,MGV-HP-CN074,MGV,MGV-HP,MGV-HP-CN
NV0075,MGV-CT-CN075,MGV,MGV-CT,MGV-CT-CN
NV0076,MGV-NA-CN076,MGV,MGV-NA,MGV-NA-CN
NV0077,MGV-BD-CN077,MGV,MGV-BD,MGV-BD-CN
NV0078,MGV-QN-CN078,MGV,MGV-QN,MGV-QN-CN
NV0079,MGV-TN-CN079,MGV,MGV-TN,MGV-TN-CN
NV0080,MGV-KH-CN080,MGV,MGV-KH,MGV-KH-CN
NV0091,MGV-HN-CN091,MGV,MGV-HN,MGV-HN-CN
NV0092,MGV-HCM-CN092,MGV,MGV-HCM,MGV-HCM-CN
NV0093,MGV-DN-CN093,MGV,MGV-DN,MGV-DN-CN
NV0094,MGV-HP-CN094,MGV,MGV-HP,MGV-HP-CN
NV0095,MGV-CT-CN095,MGV,MGV-CT,MGV-CT-CN
NV0096,MGV-NA-CN096,MGV,MGV-NA,MGV-NA-CN
NV0097,MGV-BD-CN097,MGV,MGV-BD,MGV-BD-CN
NV0098,MGV-QN-CN098,MGV,MGV-QN,MGV-QN-CN
NV0099,MGV-TN-CN099,MGV,MGV-TN,MGV-TN-CN
NV0100,MGV-KH-CN100,MGV,MGV-KH,MGV-KH-CN
NV0111,MGV-HN-CN111,MGV,MGV-HN,MGV-HN-CN
NV0112,MGV-HCM-CN112,MGV,MGV-HCM,MGV-HCM-CN
NV0113,MGV-DN-CN113,MGV,MGV-DN,MGV-DN-CN
NV0114,MGV-HP-CN114,MGV,MGV-HP,MGV-HP-CN
NV0115,MGV-CT-CN115,MGV,MGV-CT,MGV-CT-CN
NV0116,MGV-NA-CN116,MGV,MGV-NA,MGV-NA-CN
NV0117,MGV-BD-CN117,MGV,MGV-BD,MGV-BD-CN
NV0118,MGV-QN-CN118,MGV,MGV-QN,MGV-QN-CN
NV0119,MGV-TN-CN119,MGV,MGV-TN,MGV-TN-CN
NV0120,MGV-KH-CN120,MGV,MGV-KH,MGV-KH-CN
NV0131,MGV-HN-CN131,MGV,MGV-HN,MGV-HN-CN
NV0132,MGV-HCM-CN132,MGV,MGV-HCM,MGV-HCM-CN
NV0133,MGV-DN-CN133,MGV,MGV-DN,MGV-DN-CN
NV0134,MGV-HP-CN134,MGV,MGV-HP,MGV-HP-CN
NV0135,MGV-CT-CN135,MGV,MGV-CT,MGV-CT-CN
NV0136,MGV-NA-CN136,MGV,MGV-NA,MGV-NA-CN
NV0137,MGV-BD-CN137,MGV,MGV-BD,MGV-BD-CN
NV0138,MGV-QN-CN138,MGV,MGV-QN,MGV-QN-CN
NV0139,MGV-TN-CN139,MGV,MGV-TN,MGV-TN-CN
NV0140,MGV-KH-CN140,MGV,MGV-KH,MGV-KH-CN
NV0151,MGV-HN-CN151,MGV,MGV-HN,MGV-HN-CN
NV0152,MGV-HCM-CN152,MGV,MGV-HCM,MGV-HCM-CN
NV0153,MGV-DN-CN153,MGV,MGV-DN,MGV-DN-CN
NV0154,MGV-HP-CN154,MGV,MGV-HP,MGV-HP-CN
NV0155,MGV-CT-CN155,MGV,MGV-CT,MGV-CT-CN
NV0156,MGV-NA-CN156,MGV,MGV-NA,MGV-NA-CN
NV0157,MGV-BD-CN157,MGV,MGV-BD,MGV-BD-CN
NV0158,MGV-QN-CN158,MGV,MGV-QN,MGV-QN-CN
NV0159,MGV-TN-CN159,MGV,MGV-TN,MGV-TN-CN
NV0160,MGV-KH-CN160,MGV,MGV-KH,MGV-KH-CN
NV0171,MGV-HN-CN171,MGV,MGV-HN,MGV-HN-CN
NV0172,MGV-HCM-CN172,MGV,MGV-HCM,MGV-HCM-CN
NV0173,MGV-DN-CN173,MGV,MGV-DN,MGV-DN-CN
NV0174,MGV-HP-CN174,MGV,MGV-HP,MGV-HP-CN
NV0175,MGV-CT-CN175,MGV,MGV-CT,MGV-CT-CN
NV0176,MGV-NA-CN176,MGV,MGV-NA,MGV-NA-CN
NV0177,MGV-BD-CN177,MGV,MGV-BD,MGV-BD-CN
NV0178,MGV-QN-CN178,MGV,MGV-QN,MGV-QN-CN
NV0179,MGV-TN-CN179,MGV,MGV-TN,MGV-TN-CN
NV0180,MGV-KH-CN180,MGV,MGV-KH,MGV-KH-CN
NV0191,MGV-HN-CN191,MGV,MGV-HN,MGV-HN-CN
NV0192,MGV-HCM-CN192,MGV,MGV-HCM,MGV-HCM-CN
NV0193,MGV-DN-CN193,MGV,MGV-DN,MGV-DN-CN
NV0194,MGV-HP-CN194,MGV,MGV-HP,MGV-HP-CN
NV0195,MGV-CT-CN195,MGV,MGV-CT,MGV-CT-CN
NV0196,MGV-NA-CN196,MGV,MGV-NA,MGV-NA-CN
NV0197,MGV-BD-CN197,MGV,MGV-BD,MGV-BD-CN
NV0198,MGV-QN-CN198,MGV,MGV-QN,MGV-QN-CN
NV0199,MGV-TN-CN199,MGV,MGV-TN,MGV-TN-CN
NV0200,MGV-KH-CN200,MGV,MGV-KH,MGV-KH-CN
NV0211,MGV-HN-CN211,MGV,MGV-HN,MGV-HN-CN
NV0212,MGV-HCM-CN212,MGV,MGV-HCM,MGV-HCM-CN
NV0213,MGV-DN-CN213,MGV,MGV-DN,MGV-DN-CN
NV0214,MGV-HP-CN214,MGV,MGV-HP,MGV-HP-CN
NV0215,MGV-CT-CN215,MGV,MGV-CT,MGV-CT-CN
NV0216,MGV-NA-CN216,MGV,MGV-NA,MGV-NA-CN
NV0217,MGV-BD-CN217,MGV,MGV-BD,MGV-BD-CN
NV0218,MGV-QN-CN218,MGV,MGV-QN,MGV-QN-CN
NV0219,MGV-TN-CN219,MGV,MGV-TN,MGV-TN-CN
NV0220,MGV-KH-CN220,MGV,MGV-KH,MGV-KH-CN
NV0231,MGV-HN-CN231,MGV,MGV-HN,MGV-HN-CN
NV0232,MGV-HCM-CN232,MGV,MGV-HCM,MGV-HCM-CN
NV0233,MGV-DN-CN233,MGV,MGV-DN,MGV-DN-CN
NV0234,MGV-HP-CN234,MGV,MGV-HP,MGV-HP-CN
NV0235,MGV-CT-CN235,MGV,MGV-CT,MGV-CT-CN
NV0236,MGV-NA-CN236,MGV,MGV-NA,MGV-NA-CN
NV0237,MGV-BD-CN237,MGV,MGV-BD,MGV-BD-CN
NV0238,MGV-QN-CN238,MGV,MGV-QN,MGV-QN-CN
NV0239,MGV-TN-CN239,MGV,MGV-TN,MGV-TN-CN
NV0240,MGV-KH-CN240,MGV,MGV-KH,MGV-KH-CN
NV0251,MGV-HN-CN251,MGV,MGV-HN,MGV-HN-CN
NV0252,MGV-HCM-CN252,MGV,MGV-HCM,MGV-HCM-CN
NV0253,MGV-DN-CN253,MGV,MGV-DN,MGV-DN-CN
NV0254,MGV-HP-CN254,MGV,MGV-HP,MGV-HP-CN
NV0255,MGV-CT-CN255,MGV,MGV-CT,MGV-CT-CN
NV0256,MGV-NA-CN256,MGV,MGV-NA,MGV-NA-CN
NV0257,MGV-BD-CN257,MGV,MGV-BD,MGV-BD-CN
NV0258,MGV-QN-CN258,MGV,MGV-QN,MGV-QN-CN
NV0259,MGV-TN-CN259,MGV,MGV-TN,MGV-TN-CN
NV0260,MGV-KH-CN260,MGV,MGV-KH,MGV-KH-CN
NV0271,MGV-HN-CN271,MGV,MGV-HN,MGV-HN-CN
NV0272,MGV-HCM-CN272,MGV,MGV-HCM,MGV-HCM-CN
NV0273,MGV-DN-CN273,MGV,MGV-DN,MGV-DN-CN
NV0274,MGV-HP-CN274,MGV,MGV-HP,MGV-HP-CN
NV0275,MGV-CT-CN275,MGV,MGV-CT,MGV-CT-CN
NV0276,MGV-NA-CN276,MGV,MGV-NA,MGV-NA-CN
NV0277,MGV-BD-CN277,MGV,MGV-BD,MGV-BD-CN
NV0278,MGV-QN-CN278,MGV,MGV-QN,MGV-QN-CN
NV0279,MGV-TN-CN279,MGV,MGV-TN,MGV-TN-CN
NV0280,MGV-KH-CN280,MGV,MGV-KH,MGV-KH-CN
NV0291,MGV-HN-CN291,MGV,MGV-HN,MGV-HN-CN
NV0292,MGV-HCM-CN292,MGV,MGV-HCM,MGV-HCM-CN
NV0293,MGV-DN-CN293,MGV,MGV-DN,MGV-DN-CN
NV0294,MGV-HP-CN294,MGV,MGV-HP,MGV-HP-CN
NV0295,MGV-CT-CN295,MGV,MGV-CT,MGV-CT-CN
NV0296,MGV-NA-CN296,MGV,MGV-NA,MGV-NA-CN
NV0297,MGV-BD-CN297,MGV,MGV-BD,MGV-BD-CN
NV0298,MGV-QN-CN298,MGV,MGV-QN,MGV-QN-CN
NV0299,MGV-TN-CN299,MGV,MGV-TN,MGV-TN-CN
NV0300,MGV-KH-CN300,MGV,MGV-KH,MGV-KH-CN
NV0311,MGV-HN-CN311,MGV,MGV-HN,MGV-HN-CN
NV0312,MGV-HCM-CN312,MGV,MGV-HCM,MGV-HCM-CN
NV0313,MGV-DN-CN313,MGV,MGV-DN,MGV-DN-CN
NV0314,MGV-HP-CN314,MGV,MGV-HP,MGV-HP-CN
NV0315,MGV-CT-CN315,MGV,MGV-CT,MGV-CT-CN
NV0316,MGV-NA-CN316,MGV,MGV-NA,MGV-NA-CN
NV0317,MGV-BD-CN317,MGV,MGV-BD,MGV-BD-CN
NV0318,MGV-QN-CN318,MGV,MGV-QN,MGV-QN-CN
NV0319,MGV-TN-CN319,MGV,MGV-TN,MGV-TN-CN
NV0320,MGV-KH-CN320,MGV,MGV-KH,MGV-KH-CN
NV0331,MGV-HN-CN331,MGV,MGV-HN,MGV-HN-CN
NV0332,MGV-HCM-CN332,MGV,MGV-HCM,MGV-HCM-CN
NV0333,MGV-DN-CN333,MGV,MGV-DN,MGV-DN-CN
NV0334,MGV-HP-CN334,MGV,MGV-HP,MGV-HP-CN
NV0335,MGV-CT-CN335,MGV,MGV-CT,MGV-CT-CN
NV0336,MGV-NA-CN336,MGV,MGV-NA,MGV-NA-CN
NV0337,MGV-BD-CN337,MGV,MGV-BD,MGV-BD-CN
NV0338,MGV-QN-CN338,MGV,MGV-QN,MGV-QN-CN
NV0339,MGV-TN-CN339,MGV,MGV-TN,MGV-TN-CN
NV0340,MGV-KH-CN340,MGV,MGV-KH,MGV-KH-CN
NV0351,MGV-HN-CN351,MGV,MGV-HN,MGV-HN-CN
NV0352,MGV-HCM-CN352,MGV,MGV-HCM,MGV-HCM-CN
NV0353,MGV-DN-CN353,MGV,MGV-DN,MGV-DN-CN
NV0354,MGV-HP-CN354,MGV,MGV-HP,MGV-HP-CN
NV0355,MGV-CT-CN355,MGV,MGV-CT,MGV-CT-CN
NV0356,MGV-NA-CN356,MGV,MGV-NA,MGV-NA-CN
NV0357,MGV-BD-CN357,MGV,MGV-BD,MGV-BD-CN
NV0358,MGV-QN-CN358,MGV,MGV-QN,MGV-QN-CN
NV0359,MGV-TN-CN359,MGV,MGV-TN,MGV-TN-CN
NV0360,MGV-KH-CN360,MGV,MGV-KH,MGV-KH-CN
NV0371,MGV-HN-CN371,MGV,MGV-HN,MGV-HN-CN
NV0372,MGV-HCM-CN372,MGV,MGV-HCM,MGV-HCM-CN
NV0373,MGV-DN-CN373,MGV,MGV-DN,MGV-DN-CN
NV0374,MGV-HP-CN374,MGV,MGV-HP,MGV-HP-CN
NV0375,MGV-CT-CN375,MGV,MGV-CT,MGV-CT-CN
NV0376,MGV-NA-CN376,MGV,MGV-NA,MGV-NA-CN
NV0377,MGV-BD-CN377,MGV,MGV-BD,MGV-BD-CN
NV0378,MGV-QN-CN378,MGV,MGV-QN,MGV-QN-CN
NV0379,MGV-TN-CN379,MGV,MGV-TN,MGV-TN-CN
NV0380,MGV-KH-CN380,MGV,MGV-KH,MGV-KH-CN
NV0391,MGV-HN-CN391,MGV,MGV-HN,MGV-HN-CN
NV0392,MGV-HCM-CN392,MGV,MGV-HCM,MGV-HCM-CN
NV0393,MGV-DN-CN393,MGV,MGV-DN,MGV-DN-CN
NV0394,MGV-HP-CN394,MGV,MGV-HP,MGV-HP-CN
NV0395,MGV-CT-CN395,MGV,MGV-CT,MGV-CT-CN
NV0396,MGV-NA-CN396,MGV,MGV-NA,MGV-NA-CN
NV0397,MGV-BD-CN397,MGV,MGV-BD,MGV-BD-CN
NV0398,MGV-QN-CN398,MGV,MGV-QN,MGV-QN-CN
NV0399,MGV-TN-CN399,MGV,MGV-TN,MGV-TN-CN
NV0400,MGV-KH-CN400,MGV,MGV-KH,MGV-KH-CN
NV0411,MGV-HN-CN411,MGV,MGV-HN,MGV-HN-CN
NV0412,MGV-HCM-CN412,MGV,MGV-HCM,MGV-HCM-CN
NV0413,MGV-DN-CN413,MGV,MGV-DN,MGV-DN-CN
NV0414,MGV-HP-CN414,MGV,MGV-HP,MGV-HP-CN
NV0415,MGV-CT-CN415,MGV,MGV-CT,MGV-CT-CN
NV0416,MGV-NA-CN416,MGV,MGV-NA,MGV-NA-CN
NV0417,MGV-BD-CN417,MGV,MGV-BD,MGV-BD-CN
NV0418,MGV-QN-CN418,MGV,MGV-QN,MGV-QN-CN
NV0419,MGV-TN-CN419,MGV,MGV-TN,MGV-TN-CN
NV0420,MGV-KH-CN420,MGV,MGV-KH,MGV-KH-CN
NV0431,MGV-HN-CN431,MGV,MGV-HN,MGV-HN-CN
NV0432,MGV-HCM-CN432,MGV,MGV-HCM,MGV-HCM-CN
NV0433,MGV-DN-CN433,MGV,MGV-DN,MGV-DN-CN
NV0434,MGV-HP-CN434,MGV,MGV-HP,MGV-HP-CN
NV0435,MGV-CT-CN435,MGV,MGV-CT,MGV-CT-CN
NV0436,MGV-NA-CN436,MGV,MGV-NA,MGV-NA-CN
NV0437,MGV-BD-CN437,MGV,MGV-BD,MGV-BD-CN
NV0438,MGV-QN-CN438,MGV,MGV-QN,MGV-QN-CN
NV0439,MGV-TN-CN439,MGV,MGV-TN,MGV-TN-CN
NV0440,MGV-KH-CN440,MGV,MGV-KH,MGV-KH-CN
NV0451,MGV-HN-CN451,MGV,MGV-HN,MGV-HN-CN
NV0452,MGV-HCM-CN452,MGV,MGV-HCM,MGV-HCM-CN
NV0453,MGV-DN-CN453,MGV,MGV-DN,MGV-DN-CN
NV0454,MGV-HP-CN454,MGV,MGV-HP,MGV-HP-CN
NV0455,MGV-CT-CN455,MGV,MGV-CT,MGV-CT-CN
NV0456,MGV-NA-CN456,MGV,MGV-NA,MGV-NA-CN
NV0457,MGV-BD-CN457,MGV,MGV-BD,MGV-BD-CN
NV0458,MGV-QN-CN458,MGV,MGV-QN,MGV-QN-CN
NV0459,MGV-TN-CN459,MGV,MGV-TN,MGV-TN-CN
NV0460,MGV-KH-CN460,MGV,MGV-KH,MGV-KH-CN
NV0471,MGV-HN-CN471,MGV,MGV-HN,MGV-HN-CN
NV0472,MGV-HCM-CN472,MGV,MGV-HCM,MGV-HCM-CN
NV0473,MGV-DN-CN473,MGV,MGV-DN,MGV-DN-CN
NV0474,MGV-HP-CN474,MGV,MGV-HP,MGV-HP-CN
NV0475,MGV-CT-CN475,MGV,MGV-CT,MGV-CT-CN
NV0476,MGV-NA-CN476,MGV,MGV-NA,MGV-NA-CN
NV0477,MGV-BD-CN477,MGV,MGV-BD,MGV-BD-CN
NV0478,MGV-QN-CN478,MGV,MGV-QN,MGV-QN-CN
NV0479,MGV-TN-CN479,MGV,MGV-TN,MGV-TN-CN
NV0480,MGV-KH-CN480,MGV,MGV-KH,MGV-KH-CN
NV0491,MGV-HN-CN491,MGV,MGV-HN,MGV-HN-CN
NV0492,MGV-HCM-CN492,MGV,MGV-HCM,MGV-HCM-CN
NV0493,MGV-DN-CN493,MGV,MGV-DN,MGV-DN-CN
NV0494,MGV-HP-CN494,MGV,MGV-HP,MGV-HP-CN
NV0495,MGV-CT-CN495,MGV,MGV-CT,MGV-CT-CN
NV0496,MGV-NA-CN496,MGV,MGV-NA,MGV-NA-CN
NV0497,MGV-BD-CN497,MGV,MGV-BD,MGV-BD-CN
NV0498,MGV-QN-CN498,MGV,MGV-QN,MGV-QN-CN
NV0499,MGV-TN-CN499,MGV,MGV-TN,MGV-TN-CN
NV0500,MGV-KH-CN500,MGV,MGV-KH,MGV-KH-CN
NV431,MGV-HN-XCG431,MGV,MGV-HN,MGV-HN-XCG
NV432,MGV-HCM-XCG432,MGV,MGV-HCM,MGV-HCM-XCG
NV433,MGV-DN-XCG433,MGV,MGV-DN,MGV-DN-XCG
NV434,MGV-HP-XCG434,MGV,MGV-HP,MGV-HP-XCG
NV435,MGV-CT-XCG435,MGV,MGV-CT,MGV-CT-XCG
NV436,MGV-NA-XCG436,MGV,MGV-NA,MGV-NA-XCG
NV437,MGV-BD-XCG437,MGV,MGV-BD,MGV-BD-XCG
NV438,MGV-QN-XCG438,MGV,MGV-QN,MGV-QN-XCG
NV439,MGV-TN-XCG439,MGV,MGV-TN,MGV-TN-XCG
NV440,MGV-KH-XCG440,MGV,MGV-KH,MGV-KH-XCG
NV451,MGV-HN-XCG451,MGV,MGV-HN,MGV-HN-XCG
NV452,MGV-HCM-XCG452,MGV,MGV-HCM,MGV-HCM-XCG
NV453,MGV-DN-XCG453,MGV,MGV-DN,MGV-DN-XCG
NV454,MGV-HP-XCG454,MGV,MGV-HP,MGV-HP-XCG
NV455,MGV-CT-XCG455,MGV,MGV-CT,MGV-CT-XCG
NV456,MGV-NA-XCG456,MGV,MGV-NA,MGV-NA-XCG
NV457,MGV-BD-XCG457,MGV,MGV-BD,MGV-BD-XCG
NV458,MGV-QN-XCG458,MGV,MGV-QN,MGV-QN-XCG
NV459,MGV-TN-XCG459,MGV,MGV-TN,MGV-TN-XCG
NV460,MGV-KH-XCG460,MGV,MGV-KH,MGV-KH-XCG
NV471,MGV-HN-XCG471,MGV,MGV-HN,MGV-HN-XCG
NV472,MGV-HCM-XCG472,MGV,MGV-HCM,MGV-HCM-XCG
NV473,MGV-DN-XCG473,MGV,MGV-DN,MGV-DN-XCG
NV474,MGV-HP-XCG474,MGV,MGV-HP,MGV-HP-XCG
NV475,MGV-CT-XCG475,MGV,MGV-CT,MGV-CT-XCG
NV476,MGV-NA-XCG476,MGV,MGV-NA,MGV-NA-XCG
NV477,MGV-BD-XCG477,MGV,MGV-BD,MGV-BD-XCG
NV478,MGV-QN-XCG478,MGV,MGV-QN,MGV-QN-XCG
NV479,MGV-TN-XCG479,MGV,MGV-TN,MGV-TN-XCG
NV480,MGV-KH-XCG480,MGV,MGV-KH,MGV-KH-XCG
NV491,MGV-HN-XCG491,MGV,MGV-HN,MGV-HN-XCG
NV492,MGV-HCM-XCG492,MGV,MGV-HCM,MGV-HCM-XCG
NV493,MGV-DN-XCG493,MGV,MGV-DN,MGV-DN-XCG
NV494,MGV-HP-XCG494,MGV,MGV-HP,MGV-HP-XCG
NV495,MGV-CT-XCG495,MGV,MGV-CT,MGV-CT-XCG
NV496,MGV-NA-XCG496,MGV,MGV-NA,MGV-NA-XCG
NV497,MGV-BD-XCG497,MGV,MGV-BD,MGV-BD-XCG
NV498,MGV-QN-XCG498,MGV,MGV-QN,MGV-QN-XCG
NV499,MGV-TN-XCG499,MGV,MGV-TN,MGV-TN-XCG
NV500,MGV-KH-XCG500,MGV,MGV-KH,MGV-KH-XCG
NV497,MGV-HCM-XCG502,MGV,MGV-HCM,MGV-HCM-XCG
NV199,MGV-HN-XCG504,MGV,MGV-HN,MGV-HN-XCG
NV372,MGV-CT-XCG506,MGV,MGV-CT,MGV-CT-XCG
NV280,MGV-DN-XCG508,MGV,MGV-DN,MGV-DN-XCG
NV175,MGV-BD-XCG509,MGV,MGV-BD,MGV-BD-XCG
TCT001,MGV-TCT-XCG001,MGV,MGV-TCT,MGV-TCT-XCG
NV508,MGV-TCT-TCKT674,MGV,MGV-TCT,MGV-TCT-TCKT
NV509,MGV-TCT-PC392,MGV,MGV-TCT,MGV-TCT-PC
NV513,MGV-TCT-IT916,MGV,MGV-TCT,MGV-TCT-IT
NV516,MGV-TCT-TBH187,MGV,MGV-TCT,MGV-TCT-TBH
NV517,MGV-TCT-QLRR629,MGV,MGV-TCT,MGV-TCT-QLRR
NV519,MGV-TCT-IT374,MGV,MGV-TCT,MGV-TCT-IT
NV520,MGV-TCT-QLRR892,MGV,MGV-TCT,MGV-TCT-QLRR
NV524,MGV-TCT-PC143,MGV,MGV-TCT,MGV-TCT-PC
NV525,MGV-TCT-TCKT496,MGV,MGV-TCT,MGV-TCT-TCKT
NV526,MGV-TCT-PTKD831,MGV,MGV-TCT,MGV-TCT-PTKD
NV527,MGV-TCT-PC267,MGV,MGV-TCT,MGV-TCT-PC
NV528,MGV-TCT-HCNS914,MGV,MGV-TCT,MGV-TCT-HCNS
NV529,MGV-TCT-TCKT352,MGV,MGV-TCT,MGV-TCT-TCKT
NV534,MGV-TCT-IT531,MGV,MGV-TCT,MGV-TCT-IT
NV541,MGV-TCT-IT625,MGV,MGV-TCT,MGV-TCT-IT
NV542,MGV-TCT-PC431,MGV,MGV-TCT,MGV-TCT-PC
NV546,MGV-TCT-ĐT942,MGV,MGV-TCT,MGV-TCT-ĐT
NV547,MGV-TCT-ĐT317,MGV,MGV-TCT,MGV-TCT-ĐT
NV552,MGV-TCT-TBH693,MGV,MGV-TCT,MGV-TCT-TBH
NV556,MGV-TCT-ĐT591,MGV,MGV-TCT,MGV-TCT-ĐT
NV560,MGV-TCT-PC275,MGV,MGV-TCT,MGV-TCT-PC
NV561,MGV-TCT-GĐ619,MGV,MGV-TCT,MGV-TCT-GĐ
NV562,MGV-TCT-PTKD482,MGV,MGV-TCT,MGV-TCT-PTKD
NV563,MGV-TCT-PTKD734,MGV,MGV-TCT,MGV-TCT-PTKD
NV564,MGV-TCT-PC156,MGV,MGV-TCT,MGV-TCT-PC
NV567,MGV-TCT-TCKT578,MGV,MGV-TCT,MGV-TCT-TCKT
NV568,MGV-TCT-TCKT243,MGV,MGV-TCT,MGV-TCT-TCKT
NV572,MGV-TCT-GĐ164,MGV,MGV-TCT,MGV-TCT-GĐ
NV574,MGV-TCT-ĐT726,MGV,MGV-TCT,MGV-TCT-ĐT
NV577,MGV-TCT-GĐ472,MGV,MGV-TCT,MGV-TCT-GĐ
NV578,MGV-TCT-GĐ195,MGV,MGV-TCT,MGV-TCT-GĐ
NV580,MGV-TCT-CSKH821,MGV,MGV-TCT,MGV-TCT-CSKH
NV0502,MGV-HCM-CN502,MGV,MGV-HCM,MGV-HCM-CN
NV0504,MGV-HN-CN504,MGV,MGV-HN,MGV-HN-CN
NV0506,MGV-CT-CN506,MGV,MGV-CT,MGV-CT-CN
NV0508,MGV-DN-CN508,MGV,MGV-DN,MGV-DN-CN
NV0509,MGV-BD-CN509,MGV,MGV-BD,MGV-BD-CN
NV0510,MGV-TCT-CN001,MGV,MGV-TCT,MGV-TCT-CN
